seed,method,scope,facility,geometry,recall,precision,f1,auroc,margin_auroc,false_positive_rate
0,B1,all,__all__,__all__,0.3828125,0.4341523341523342,0.503995428848468,0.27979532877604174,0.27979532877604174,0.020833333333333332
0,B2,all,__all__,__all__,0.2552083333333333,0.2739291380222104,0.36828420400971473,0.22930908203125,0.22930908203125,-0.009114583333333334
0,B3,all,__all__,__all__,0.24218749999999997,0.15969465648854952,0.3440548816673392,0.22930908203125,0.24025132921006942,0.016927083333333336
0,P1,all,__all__,__all__,0.2526041666666667,0.14710836608646827,0.35365385515659375,0.22930908203125,0.21916368272569442,0.018229166666666664
0,B1,seen,__all__,__all__,0.48611111111111105,0.4604651162790697,0.5915302089215132,0.298828125,0.298828125,0.020833333333333332
0,B2,seen,__all__,__all__,0.3055555555555556,0.2857142857142857,0.41887226697353275,0.2431520061728395,0.2431520061728395,-0.013888888888888888
0,B3,seen,__all__,__all__,0.3055555555555556,0.20000000000000007,0.4072398190045249,0.2431520061728395,0.25062692901234573,0.013888888888888888
0,P1,seen,__all__,__all__,0.3125,0.09375,0.40384615384615385,0.2431520061728395,0.236352237654321,0.02430555555555556
0,B1,seen,__all__,central_furniture,0.4791666666666667,0.5238095238095237,0.5923632610939112,0.3148871527777778,0.3148871527777778,0.020833333333333332
0,B2,seen,__all__,central_furniture,0.3125,0.2857142857142857,0.40641711229946526,0.24262152777777768,0.24262152777777768,-0.020833333333333332
0,B3,seen,__all__,central_furniture,0.2916666666666667,0.11594202898550732,0.3588941053729786,0.24262152777777768,0.23524305555555547,0.03125
0,P1,seen,__all__,central_furniture,0.33333333333333337,0.0,0.39700180925303696,0.24262152777777768,0.2250434027777778,0.04166666666666667
0,B1,seen,__all__,clear,0.5833333333333334,0.38235294117647056,0.6547842401500938,0.3148871527777778,0.3148871527777778,0.020833333333333332
0,B2,seen,__all__,clear,0.3333333333333333,0.2857142857142857,0.42687747035573126,0.26041666666666663,0.26041666666666663,-0.020833333333333332
0,B3,seen,__all__,clear,0.4166666666666667,0.29333333333333333,0.5093860984271943,0.26041666666666663,0.26671006944444453,-0.010416666666666666
0,P1,seen,__all__,clear,0.3958333333333333,0.17460317460317454,0.4581818181818182,0.26041666666666663,0.2567274305555556,0.010416666666666668
0,B1,seen,__all__,vertical_mid,0.39583333333333337,0.5,0.5163398692810458,0.2543402777777778,0.2543402777777778,0.020833333333333332
0,B2,seen,__all__,vertical_mid,0.2708333333333333,,0.4262295081967213,0.20594618055555547,0.20594618055555547,0.0
0,B3,seen,__all__,vertical_mid,0.20833333333333334,,0.3333333333333333,0.20594618055555547,0.2398003472222222,0.020833333333333332
0,P1,seen,__all__,vertical_mid,0.20833333333333334,,0.3333333333333333,0.20594618055555547,0.20681423611111116,0.020833333333333332
0,B1,seen,harsh,__all__,0.75,0.5354838709677419,0.7681106661812886,0.30005787037037035,0.30005787037037035,-0.013888888888888888
0,B2,seen,harsh,__all__,0.4861111111111111,0.2857142857142857,0.5366726296958856,0.24758873456790131,0.24758873456790131,-0.027777777777777776
0,B3,seen,harsh,__all__,0.375,0.19999999999999996,0.4590836562571233,0.24758873456790131,0.24758873456790131,-0.013888888888888888
0,P1,seen,harsh,__all__,0.375,0.18181818181818177,0.4497991967871485,0.24758873456790131,0.25028935185185186,-0.013888888888888888
0,B1,seen,harsh,central_furniture,0.7916666666666667,0.6190476190476191,0.8148148148148148,0.3133680555555556,0.3133680555555556,-0.020833333333333332
0,B2,seen,harsh,central_furniture,0.5,0.2857142857142857,0.5066876475216364,0.2421875,0.2421875,-0.041666666666666664
0,B3,seen,harsh,central_furniture,0.41666666666666674,0.19999999999999996,0.4609800362976406,0.2421875,0.2421875,-0.020833333333333332
0,P1,seen,harsh,central_furniture,0.45833333333333337,0.19999999999999996,0.49336870026525204,0.2421875,0.24826388888888884,-0.020833333333333332
0,B1,seen,harsh,clear,0.8333333333333333,0.41666666666666663,0.7738095238095237,0.29947916666666663,0.29947916666666663,0.0
0,B2,seen,harsh,clear,0.5416666666666666,0.2857142857142857,0.5345622119815667,0.25173611111111116,0.25173611111111116,-0.041666666666666664
0,B3,seen,harsh,clear,0.5416666666666667,0.19999999999999996,0.5534062237174096,0.25173611111111116,0.25173611111111116,-0.020833333333333332
0,P1,seen,harsh,clear,0.5,0.16666666666666663,0.4959349593495935,0.25173611111111116,0.2543402777777778,-0.020833333333333332
0,B1,seen,harsh,vertical_mid,0.625,0.607843137254902,0.7064137308039747,0.2534722222222222,0.2534722222222222,-0.020833333333333332
0,B2,seen,harsh,vertical_mid,0.4166666666666667,,0.5882352941176471,0.21614583333333326,0.21614583333333326,0.0
0,B3,seen,harsh,vertical_mid,0.16666666666666666,,0.2857142857142857,0.21614583333333326,0.21614583333333326,0.0
0,P1,seen,harsh,vertical_mid,0.16666666666666666,,0.2857142857142857,0.21614583333333326,0.21961805555555558,0.0
0,B1,seen,standard,__all__,0.2222222222222222,,0.3333333333333333,0.2826967592592593,0.2826967592592593,0.05555555555555555
0,B2,seen,standard,__all__,0.125,,0.2222222222222222,0.22289737654320985,0.22289737654320985,0.0
0,B3,seen,standard,__all__,0.2361111111111111,0.68,0.35051546391752575,0.22289737654320985,0.22289737654320985,0.041666666666666664
0,P1,seen,standard,__all__,0.25,0.6428571428571429,0.36,0.22289737654320985,0.20389660493827166,0.0625
0,B1,seen,standard,central_furniture,0.16666666666666666,,0.25806451612903225,0.29166666666666663,0.29166666666666663,0.0625
0,B2,seen,standard,central_furniture,0.125,,0.2222222222222222,0.22916666666666663,0.22916666666666663,0.0
0,B3,seen,standard,central_furniture,0.16666666666666666,0.4444444444444444,0.24242424242424243,0.22916666666666663,0.22916666666666663,0.08333333333333334
0,P1,seen,standard,central_furniture,0.20833333333333334,,0.29411764705882354,0.22916666666666663,0.20399305555555547,0.10416666666666667
0,B1,seen,standard,clear,0.3333333333333333,,0.47058823529411764,0.3081597222222222,0.3081597222222222,0.041666666666666664
0,B2,seen,standard,clear,0.125,,0.2222222222222222,0.2543402777777778,0.2543402777777778,0.0
0,B3,seen,standard,clear,0.2916666666666667,0.875,0.4375,0.2543402777777778,0.2543402777777778,0.0
0,P1,seen,standard,clear,0.2916666666666667,0.7,0.4117647058823529,0.2543402777777778,0.2543402777777778,0.04166666666666667
0,B1,seen,standard,vertical_mid,0.16666666666666666,,0.25806451612903225,0.2508680555555556,0.2508680555555556,0.0625
0,B2,seen,standard,vertical_mid,0.125,,0.2222222222222222,0.1909722222222222,0.1909722222222222,0.0
0,B3,seen,standard,vertical_mid,0.25,,0.375,0.1909722222222222,0.1909722222222222,0.041666666666666664
0,P1,seen,standard,vertical_mid,0.25,,0.375,0.1909722222222222,0.16319444444444453,0.041666666666666664
0,B1,unseen,__all__,__all__,0.32083333333333336,0.4116161616161616,0.4440932715268998,0.26460069444444445,0.26460069444444445,0.020833333333333332
0,B2,unseen,__all__,__all__,0.22500000000000003,0.2647058823529411,0.33518621456364645,0.21749131944444444,0.21749131944444444,-0.0062499999999999995
0,B3,unseen,__all__,__all__,0.20416666666666666,0.12459371614301196,0.3018441086384607,0.21749131944444444,0.2313194444444444,0.018750000000000003
0,P1,unseen,__all__,__all__,0.21666666666666665,0.1927592954990215,0.3189102160951926,0.21749131944444444,0.20625000000000004,0.014583333333333335
0,B1,unseen,__all__,horizontal_new,0.375,,0.5070422535211268,0.24869791666666663,0.24869791666666663,0.052083333333333336
0,B2,unseen,__all__,horizontal_new,0.2916666666666667,,0.45161290322580644,0.20616319444444442,0.20616319444444442,0.0
0,B3,unseen,__all__,horizontal_new,0.25,,0.375,0.20616319444444442,0.23046875,0.041666666666666664
0,P1,unseen,__all__,horizontal_new,0.22916666666666666,,0.3548387096774194,0.20616319444444442,0.18619791666666663,0.03125
0,B1,unseen,__all__,low_new,0.4166666666666667,0.33999999999999997,0.5353424657534246,0.2801649305555556,0.2801649305555556,0.03125
0,B2,unseen,__all__,low_new,0.25,0.3375,0.3555424528301887,0.23155381944444453,0.23155381944444453,-0.010416666666666666
0,B3,unseen,__all__,low_new,0.25,0.11111111111111116,0.34581105169340465,0.23155381944444453,0.23546006944444442,0.03125
0,P1,unseen,__all__,low_new,0.3125,0.30952380952380953,0.4158305462653289,0.23155381944444453,0.21766493055555547,0.020833333333333332
0,B1,unseen,__all__,two_new,0.2916666666666667,0.6323529411764706,0.42307692307692313,0.267578125,0.267578125,-0.010416666666666668
0,B2,unseen,__all__,two_new,0.14583333333333331,0.19999999999999996,0.2219379597057883,0.22178819444444442,0.22178819444444442,-0.010416666666666666
0,B3,unseen,__all__,two_new,0.1875,0.17307692307692313,0.27805800756620425,0.22178819444444442,0.23328993055555558,0.0
0,P1,unseen,__all__,two_new,0.1875,0.17307692307692313,0.27805800756620425,0.22178819444444442,0.20703125,0.0
0,B1,unseen,__all__,vertical_new,0.2916666666666667,0.2894736842105263,0.4077611940298508,0.2358940972222222,0.2358940972222222,0.03125
0,B2,unseen,__all__,vertical_new,0.1875,,0.3157894736842105,0.19444444444444442,0.19444444444444442,0.0
0,B3,unseen,__all__,vertical_new,0.16666666666666666,,0.27586206896551724,0.19444444444444442,0.22938368055555558,0.020833333333333332
0,P1,unseen,__all__,vertical_new,0.1875,,0.3103448275862069,0.19444444444444442,0.20008680555555558,0.010416666666666666
0,B1,unseen,__all__,wide_new,0.22916666666666666,0.3666666666666667,0.33577533577533575,0.2921006944444444,0.2921006944444444,0.0
0,B2,unseen,__all__,wide_new,0.25,0.23015873015873012,0.3333333333333333,0.22395833333333337,0.22395833333333337,-0.010416666666666666
0,B3,unseen,__all__,wide_new,0.16666666666666669,0.19047619047619047,0.23894862604540024,0.22395833333333337,0.23133680555555558,0.0
0,P1,unseen,__all__,wide_new,0.16666666666666669,0.13333333333333341,0.2328042328042328,0.22395833333333337,0.21028645833333337,0.010416666666666668
0,B1,unseen,harsh,__all__,0.48333333333333334,0.5098039215686274,0.594455190199871,0.2929166666666666,0.2929166666666666,-0.008333333333333335
0,B2,unseen,harsh,__all__,0.3416666666666667,0.275599128540305,0.4340129205470258,0.24791666666666667,0.24791666666666667,-0.016666666666666666
0,B3,unseen,harsh,__all__,0.23333333333333334,0.25,0.33497394325419805,0.24791666666666667,0.24791666666666667,-0.0125
0,P1,unseen,harsh,__all__,0.25,0.3321428571428571,0.35317164179104477,0.24791666666666667,0.24934027777777779,-0.016666666666666666
0,B1,unseen,harsh,horizontal_new,0.5,,0.6486486486486487,0.28819444444444453,0.28819444444444453,0.020833333333333332
0,B2,unseen,harsh,horizontal_new,0.4166666666666667,,0.5882352941176471,0.25173611111111116,0.25173611111111116,0.0
0,B3,unseen,harsh,horizontal_new,0.25,,0.4,0.25173611111111116,0.25173611111111116,0.0
0,P1,unseen,harsh,horizontal_new,0.25,,0.4,0.25173611111111116,0.25173611111111116,0.0
0,B1,unseen,harsh,low_new,0.6666666666666667,0.4444444444444444,0.7326007326007327,0.29427083333333326,0.29427083333333326,0.0
0,B2,unseen,harsh,low_new,0.41666666666666663,0.4,0.49580615097856484,0.23958333333333326,0.23958333333333326,-0.041666666666666664
0,B3,unseen,harsh,low_new,0.33333333333333337,0.33333333333333337,0.44008714596949894,0.23958333333333326,0.23958333333333326,-0.020833333333333332
0,P1,unseen,harsh,low_new,0.4166666666666667,0.5,0.5238095238095237,0.23958333333333326,0.23958333333333326,-0.041666666666666664
0,B1,unseen,harsh,two_new,0.41666666666666663,0.6666666666666666,0.5396825396825398,0.2960069444444444,0.2960069444444444,-0.04166666666666667
0,B2,unseen,harsh,two_new,0.25,0.19999999999999996,0.31237322515212984,0.24305555555555558,0.24305555555555558,-0.020833333333333332
0,B3,unseen,harsh,two_new,0.20833333333333331,0.25,0.2857142857142857,0.24305555555555558,0.24305555555555558,-0.020833333333333332
0,P1,unseen,harsh,two_new,0.20833333333333331,0.25,0.2857142857142857,0.24305555555555558,0.24305555555555558,-0.020833333333333332
0,B1,unseen,harsh,vertical_new,0.4583333333333333,0.42307692307692313,0.5717255717255718,0.25260416666666663,0.25260416666666663,0.0
0,B2,unseen,harsh,vertical_new,0.25,,0.4,0.20920138888888884,0.20920138888888884,0.0
0,B3,unseen,harsh,vertical_new,0.16666666666666666,,0.2857142857142857,0.20920138888888884,0.20920138888888884,0.0
0,P1,unseen,harsh,vertical_new,0.16666666666666666,,0.2857142857142857,0.20920138888888884,0.22395833333333326,0.0
0,B1,unseen,harsh,wide_new,0.375,0.41666666666666663,0.4682539682539683,0.2960069444444444,0.2960069444444444,-0.020833333333333332
0,B2,unseen,harsh,wide_new,0.375,0.21904761904761905,0.39536807278742764,0.2387152777777778,0.2387152777777778,-0.020833333333333332
0,B3,unseen,harsh,wide_new,0.20833333333333334,0.19999999999999996,0.2695924764890282,0.2387152777777778,0.2387152777777778,-0.020833333333333332
0,P1,unseen,harsh,wide_new,0.20833333333333334,0.2333333333333334,0.2627450980392157,0.2387152777777778,0.23177083333333337,-0.020833333333333332
0,B1,unseen,standard,__all__,0.15833333333333333,,0.25165562913907286,0.22100694444444446,0.22100694444444446,0.05
0,B2,unseen,standard,__all__,0.10833333333333334,,0.19402985074626866,0.16069444444444447,0.16069444444444447,0.004166666666666667
0,B3,unseen,standard,__all__,0.175,0.6176470588235294,0.2727272727272727,0.16069444444444447,0.16069444444444447,0.05
0,P1,unseen,standard,__all__,0.18333333333333332,,0.2875816993464052,0.16069444444444447,0.11927083333333333,0.04583333333333333
0,B1,unseen,standard,horizontal_new,0.25,,0.35294117647058826,0.18663194444444442,0.18663194444444442,0.08333333333333333
0,B2,unseen,standard,horizontal_new,0.16666666666666666,,0.2857142857142857,0.13107638888888884,0.13107638888888884,0.0
0,B3,unseen,standard,horizontal_new,0.25,,0.35294117647058826,0.13107638888888884,0.13107638888888884,0.08333333333333333
0,P1,unseen,standard,horizontal_new,0.20833333333333334,,0.3125,0.13107638888888884,0.05989583333333337,0.0625
0,B1,unseen,standard,low_new,0.16666666666666666,,0.25806451612903225,0.23697916666666663,0.23697916666666663,0.0625
0,B2,unseen,standard,low_new,0.08333333333333333,,0.14814814814814814,0.18055555555555558,0.18055555555555558,0.020833333333333332
0,B3,unseen,standard,low_new,0.16666666666666666,,0.25,0.18055555555555558,0.18055555555555558,0.08333333333333333
0,P1,unseen,standard,low_new,0.20833333333333334,,0.30303030303030304,0.18055555555555558,0.15885416666666663,0.08333333333333333
0,B1,unseen,standard,two_new,0.16666666666666666,,0.27586206896551724,0.22569444444444442,0.22569444444444442,0.020833333333333332
0,B2,unseen,standard,two_new,0.041666666666666664,,0.08,0.15017361111111116,0.15017361111111116,0.0
0,B3,unseen,standard,two_new,0.16666666666666666,,0.27586206896551724,0.15017361111111116,0.15017361111111116,0.020833333333333332
0,P1,unseen,standard,two_new,0.16666666666666666,,0.27586206896551724,0.15017361111111116,0.09722222222222221,0.020833333333333332
0,B1,unseen,standard,vertical_new,0.125,,0.2,0.20225694444444442,0.20225694444444442,0.0625
0,B2,unseen,standard,vertical_new,0.125,,0.2222222222222222,0.17447916666666663,0.17447916666666663,0.0
0,B3,unseen,standard,vertical_new,0.16666666666666666,,0.26666666666666666,0.17447916666666663,0.17447916666666663,0.041666666666666664
0,P1,unseen,standard,vertical_new,0.20833333333333334,,0.3333333333333333,0.17447916666666663,0.140625,0.020833333333333332
0,B1,unseen,standard,wide_new,0.08333333333333333,,0.14814814814814814,0.2881944444444444,0.2881944444444444,0.020833333333333332
0,B2,unseen,standard,wide_new,0.125,,0.2222222222222222,0.19357638888888895,0.19357638888888895,0.0
0,B3,unseen,standard,wide_new,0.125,0.6,0.20689655172413793,0.19357638888888895,0.19357638888888895,0.020833333333333332
0,P1,unseen,standard,wide_new,0.125,,0.20689655172413793,0.19357638888888895,0.15625,0.041666666666666664
1,B1,all,__all__,__all__,0.2526041666666667,0.13088330109606705,0.3458444672833162,0.21221584743923605,0.21221584743923605,0.014322916666666668
1,B2,all,__all__,__all__,0.2604166666666667,0.3467354563244974,0.34407360106724805,0.16306559244791674,0.16306559244791674,-0.024739583333333336
1,B3,all,__all__,__all__,0.2578125,0.2660642570281124,0.3285167464114832,0.16306559244791674,0.16662936740451395,-0.006510416666666664
1,P1,all,__all__,__all__,0.2552083333333333,0.31293557708652053,0.33224766178516574,0.16306559244791674,0.1582099066840278,-0.016927083333333332
1,B1,seen,__all__,__all__,0.2569444444444445,0.18652037617554862,0.33198139091017537,0.21180555555555547,0.21180555555555547,-0.0034722222222222203
1,B2,seen,__all__,__all__,0.2777777777777778,0.34632034632034625,0.3537214443625645,0.15969810956790131,0.15969810956790131,-0.034722222222222224
1,B3,seen,__all__,__all__,0.2569444444444444,0.24242424242424243,0.31509281678773204,0.15969810956790131,0.1626157407407407,-0.013888888888888888
1,P1,seen,__all__,__all__,0.2777777777777778,0.2762923351158645,0.3400490352840848,0.15969810956790131,0.15639467592592593,-0.017361111111111112
1,B1,seen,__all__,central_furniture,0.29166666666666663,0.11666666666666659,0.37363834422657954,0.21744791666666674,0.21744791666666674,0.0
1,B2,seen,__all__,central_furniture,0.4375,0.585,0.5503913894324853,0.15993923611111105,0.15993923611111105,-0.04166666666666667
1,B3,seen,__all__,central_furniture,0.45833333333333337,0.4973544973544974,0.5575757575757575,0.15993923611111105,0.16471354166666674,-0.020833333333333332
1,P1,seen,__all__,central_furniture,0.45833333333333337,0.5509259259259259,0.5595238095238095,0.15993923611111105,0.1577690972222222,-0.03125
1,B1,seen,__all__,clear,0.29166666666666674,0.23842592592592593,0.32291666666666663,0.22092013888888895,0.22092013888888895,-0.03125
1,B2,seen,__all__,clear,0.3125,0.3046153846153846,0.3678419043341567,0.13498263888888884,0.13498263888888884,-0.03125
1,B3,seen,__all__,clear,0.3125,0.26923076923076916,0.35932653965440847,0.13498263888888884,0.12868923611111105,-0.020833333333333336
1,P1,seen,__all__,clear,0.33333333333333337,0.24175824175824168,0.3692838654012079,0.13498263888888884,0.1284722222222222,-0.010416666666666671
1,B1,seen,__all__,vertical_mid,0.1875,,0.3050847457627119,0.1753472222222222,0.1753472222222222,0.020833333333333332
1,B2,seen,__all__,vertical_mid,0.08333333333333331,0.25,0.1262295081967213,0.16362847222222232,0.16362847222222232,-0.03125
1,B3,seen,__all__,vertical_mid,0.0,0.0,0.0,0.16362847222222232,0.17947048611111105,0.0
1,P1,seen,__all__,vertical_mid,0.04166666666666666,0.09615384615384615,0.060655737704918056,0.16362847222222232,0.1655815972222222,-0.010416666666666668
1,B1,seen,harsh,__all__,0.38888888888888895,0.2222222222222222,0.42573099415204674,0.22569444444444442,0.22569444444444442,-0.027777777777777776
1,B2,seen,harsh,__all__,0.4722222222222222,0.22999999999999998,0.47719173200285103,0.15866126543209869,0.15866126543209869,-0.02777777777777778
1,B3,seen,harsh,__all__,0.3472222222222222,0.21052631578947367,0.38461538461538464,0.15866126543209869,0.15866126543209869,-0.027777777777777776
1,P1,seen,harsh,__all__,0.375,0.2267441860465116,0.4043478260869565,0.15866126543209869,0.15904706790123457,-0.02777777777777778
1,B1,seen,harsh,central_furniture,0.41666666666666663,0.16666666666666663,0.43589743589743596,0.23784722222222232,0.23784722222222232,-0.020833333333333332
1,B2,seen,harsh,central_furniture,0.6666666666666666,0.4,0.6768243785084203,0.15798611111111105,0.15798611111111105,-0.041666666666666664
1,B3,seen,harsh,central_furniture,0.5416666666666666,0.25,0.5857142857142857,0.15798611111111105,0.15798611111111105,-0.020833333333333332
1,P1,seen,harsh,central_furniture,0.5833333333333334,0.4,0.6223717409587889,0.15798611111111105,0.15885416666666663,-0.041666666666666664
1,B1,seen,harsh,clear,0.45833333333333337,0.25,0.40909090909090906,0.22048611111111105,0.22048611111111105,-0.0625
1,B2,seen,harsh,clear,0.5833333333333334,0.20238095238095233,0.5138888888888888,0.13454861111111116,0.13454861111111116,-0.020833333333333332
1,B3,seen,harsh,clear,0.45833333333333337,0.25,0.4542682926829268,0.13454861111111116,0.13454861111111116,-0.041666666666666664
1,P1,seen,harsh,clear,0.45833333333333337,0.19444444444444442,0.43452380952380953,0.13454861111111116,0.13454861111111116,-0.020833333333333332
1,B1,seen,harsh,vertical_mid,0.2916666666666667,,0.45161290322580644,0.15364583333333337,0.15364583333333337,0.0
1,B2,seen,harsh,vertical_mid,0.16666666666666669,0.1428571428571429,0.2011385199240987,0.17013888888888895,0.17013888888888895,-0.020833333333333332
1,B3,seen,harsh,vertical_mid,0.041666666666666685,0.1428571428571429,0.06451612903225806,0.17013888888888895,0.17013888888888895,-0.020833333333333332
1,P1,seen,harsh,vertical_mid,0.08333333333333331,0.1428571428571429,0.11290322580645162,0.17013888888888895,0.17013888888888895,-0.020833333333333332
1,B1,seen,standard,__all__,0.125,0.1875,0.19736842105263158,0.1771797839506173,0.1771797839506173,0.020833333333333336
1,B2,seen,standard,__all__,0.08333333333333334,0.4615384615384615,0.14117647058823532,0.1366705246913581,0.1366705246913581,-0.041666666666666664
1,B3,seen,standard,__all__,0.16666666666666669,0.26373626373626374,0.22781205505458,0.1366705246913581,0.1366705246913581,0.0
1,P1,seen,standard,__all__,0.18055555555555555,0.33538461538461534,0.2534869617950273,0.1366705246913581,0.13290895061728403,-0.006944444444444441
1,B1,seen,standard,central_furniture,0.16666666666666666,,0.27586206896551724,0.16493055555555558,0.16493055555555558,0.020833333333333332
1,B2,seen,standard,central_furniture,0.20833333333333334,0.8333333333333334,0.3333333333333333,0.13541666666666663,0.13541666666666663,-0.04166666666666667
1,B3,seen,standard,central_furniture,0.375,0.8181818181818182,0.5142857142857142,0.13541666666666663,0.13541666666666663,-0.020833333333333336
1,P1,seen,standard,central_furniture,0.3333333333333333,0.8,0.47058823529411764,0.13541666666666663,0.13107638888888884,-0.020833333333333336
1,B1,seen,standard,clear,0.125,0.2142857142857143,0.17972350230414746,0.16927083333333337,0.16927083333333337,0.0
1,B2,seen,standard,clear,0.04166666666666667,0.35,0.07635467980295566,0.10677083333333326,0.10677083333333326,-0.04166666666666667
1,B3,seen,standard,clear,0.16666666666666669,0.2666666666666666,0.22570532915360503,0.10677083333333326,0.10677083333333326,0.0
1,P1,seen,standard,clear,0.20833333333333337,0.29999999999999993,0.2738336713995943,0.10677083333333326,0.10677083333333326,0.0
1,B1,seen,standard,vertical_mid,0.08333333333333333,,0.14285714285714285,0.19618055555555558,0.19618055555555558,0.041666666666666664
1,B2,seen,standard,vertical_mid,0.0,0.4,0.015325670498084282,0.140625,0.140625,-0.041666666666666664
1,B3,seen,standard,vertical_mid,-0.04166666666666666,-0.16666666666666663,-0.06666666666666665,0.140625,0.140625,0.020833333333333336
1,P1,seen,standard,vertical_mid,0.0,0.0,0.0,0.140625,0.140625,0.0
1,B1,unseen,__all__,__all__,0.25,0.09200438116100762,0.3573076116586286,0.20953125000000006,0.20953125000000006,0.025
1,B2,unseen,__all__,__all__,0.25,0.3510989010989011,0.3383254208027622,0.16335937499999997,0.16335937499999997,-0.01875
1,B3,unseen,__all__,__all__,0.2583333333333333,0.2915384615384615,0.33769765970904486,0.16335937499999997,0.16808159722222227,-0.002083333333333333
1,P1,unseen,__all__,__all__,0.24166666666666664,0.34253551326722054,0.3268000559073658,0.16335937499999997,0.15864583333333337,-0.016666666666666666
1,B1,unseen,__all__,horizontal_new,0.2708333333333333,,0.3880597014925373,0.21961805555555558,0.21961805555555558,0.0625
1,B2,unseen,__all__,horizontal_new,0.3125,0.36363636363636365,0.39999999999999997,0.15407986111111105,0.15407986111111105,-0.010416666666666664
1,B3,unseen,__all__,horizontal_new,0.3125,0.3540372670807454,0.3979513444302177,0.15407986111111105,0.15690104166666663,0.010416666666666671
1,P1,unseen,__all__,horizontal_new,0.25,0.30000000000000004,0.3277310924369748,0.15407986111111105,0.14539930555555547,0.0
1,B1,unseen,__all__,low_new,0.375,-0.011904761904761973,0.42007797270955166,0.21809895833333326,0.21809895833333326,0.04166666666666667
1,B2,unseen,__all__,low_new,0.3333333333333333,0.4350649350649351,0.43376623376623374,0.15646701388888895,0.15646701388888895,-0.010416666666666664
1,B3,unseen,__all__,low_new,0.3333333333333333,0.32608695652173914,0.42410015649452265,0.15646701388888895,0.1640625,0.010416666666666664
1,P1,unseen,__all__,low_new,0.3333333333333333,0.3975155279503106,0.4261203585147247,0.15646701388888895,0.1440972222222222,0.0
1,B1,unseen,__all__,two_new,0.22916666666666666,0.42307692307692313,0.3534426229508197,0.21571180555555558,0.21571180555555558,0.0
1,B2,unseen,__all__,two_new,0.2708333333333333,0.48235294117647054,0.38606676342525403,0.16319444444444442,0.16319444444444442,-0.010416666666666668
1,B3,unseen,__all__,two_new,0.3333333333333333,0.5473684210526315,0.46184173472261336,0.16319444444444442,0.16905381944444442,-0.020833333333333336
1,P1,unseen,__all__,two_new,0.3333333333333333,0.5473684210526315,0.46184173472261336,0.16319444444444442,0.1577690972222222,-0.020833333333333336
1,B1,unseen,__all__,vertical_new,0.14583333333333334,,0.25,0.16970486111111105,0.16970486111111105,0.010416666666666666
1,B2,unseen,__all__,vertical_new,0.10416666666666666,0.2222222222222222,0.15438596491228074,0.17057291666666663,0.17057291666666663,-0.020833333333333332
1,B3,unseen,__all__,vertical_new,0.04166666666666666,-0.007692307692307665,0.05370265686828715,0.17057291666666663,0.1796875,0.010416666666666664
1,P1,unseen,__all__,vertical_new,0.04166666666666666,0.20000000000000007,0.06896551724137931,0.17057291666666663,0.17122395833333337,-0.020833333333333336
1,B1,unseen,__all__,wide_new,0.22916666666666666,0.20000000000000007,0.33426704014939307,0.20334201388888895,0.20334201388888895,0.010416666666666666
1,B2,unseen,__all__,wide_new,0.22916666666666669,0.398989898989899,0.31176168464304055,0.15060763888888884,0.15060763888888884,-0.04166666666666667
1,B3,unseen,__all__,wide_new,0.2708333333333333,0.31818181818181823,0.3394673123486682,0.15060763888888884,0.14973958333333337,-0.020833333333333336
1,P1,unseen,__all__,wide_new,0.25,0.4019138755980861,0.3339236023273463,0.15060763888888884,0.15147569444444442,-0.04166666666666667
1,B1,unseen,harsh,__all__,0.35833333333333334,0.2727272727272727,0.47435382349002275,0.24312499999999992,0.24312499999999992,-0.0125
1,B2,unseen,harsh,__all__,0.38333333333333336,0.20116807268007797,0.43603455368161254,0.16447916666666662,0.16447916666666662,-0.008333333333333335
1,B3,unseen,harsh,__all__,0.25,0.2282608695652174,0.32788296041308085,0.16447916666666662,0.16447916666666662,-0.016666666666666666
1,P1,unseen,harsh,__all__,0.23333333333333334,0.23913043478260876,0.3044064369365574,0.16447916666666662,0.16451388888888885,-0.020833333333333336
1,B1,unseen,harsh,horizontal_new,0.3333333333333333,,0.5,0.2855902777777778,0.2855902777777778,0.0
1,B2,unseen,harsh,horizontal_new,0.41666666666666663,-0.0714285714285714,0.4619883040935673,0.18055555555555558,0.18055555555555558,0.020833333333333332
1,B3,unseen,harsh,horizontal_new,0.20833333333333337,0.0,0.2977667493796526,0.18055555555555558,0.18055555555555558,0.0
1,P1,unseen,harsh,horizontal_new,0.16666666666666669,0.0,0.22939068100358423,0.18055555555555558,0.18055555555555558,0.0
1,B1,unseen,harsh,low_new,0.5833333333333333,0.16666666666666663,0.5503875968992249,0.2309027777777778,0.2309027777777778,-0.020833333333333332
1,B2,unseen,harsh,low_new,0.5833333333333333,0.38888888888888884,0.6190476190476191,0.13454861111111116,0.13454861111111116,0.0
1,B3,unseen,harsh,low_new,0.375,0.25,0.462962962962963,0.13454861111111116,0.13454861111111116,0.0
1,P1,unseen,harsh,low_new,0.375,0.41666666666666663,0.4682539682539683,0.13454861111111116,0.13454861111111116,-0.020833333333333332
1,B1,unseen,harsh,two_new,0.3333333333333333,0.5,0.4685314685314685,0.23697916666666663,0.23697916666666663,-0.020833333333333332
1,B2,unseen,harsh,two_new,0.4166666666666667,0.2564102564102565,0.5005005005005005,0.1371527777777778,0.1371527777777778,0.0
1,B3,unseen,harsh,two_new,0.2916666666666667,0.33333333333333337,0.3973063973063973,0.1371527777777778,0.1371527777777778,-0.020833333333333332
1,P1,unseen,harsh,two_new,0.2916666666666667,0.33333333333333337,0.3973063973063973,0.1371527777777778,0.1371527777777778,-0.020833333333333332
1,B1,unseen,harsh,vertical_new,0.20833333333333334,,0.3448275862068966,0.15451388888888884,0.15451388888888884,0.0
1,B2,unseen,harsh,vertical_new,0.16666666666666666,0.16666666666666663,0.2121212121212121,0.18315972222222232,0.18315972222222232,-0.020833333333333332
1,B3,unseen,harsh,vertical_new,0.08333333333333334,0.19999999999999996,0.12413793103448278,0.18315972222222232,0.18315972222222232,-0.020833333333333332
1,P1,unseen,harsh,vertical_new,0.04166666666666666,0.16666666666666663,0.06666666666666671,0.18315972222222232,0.18229166666666663,-0.020833333333333332
1,B1,unseen,harsh,wide_new,0.33333333333333337,0.33333333333333337,0.44008714596949894,0.24045138888888895,0.24045138888888895,-0.020833333333333332
1,B2,unseen,harsh,wide_new,0.33333333333333326,0.2857142857142857,0.38012205754141243,0.14583333333333337,0.14583333333333337,-0.041666666666666664
1,B3,unseen,harsh,wide_new,0.29166666666666663,0.2857142857142857,0.3440860215053763,0.14583333333333337,0.14583333333333337,-0.041666666666666664
1,P1,unseen,harsh,wide_new,0.29166666666666663,0.2857142857142857,0.3440860215053763,0.14583333333333337,0.14583333333333337,-0.041666666666666664
1,B1,unseen,standard,__all__,0.14166666666666666,,0.2236842105263158,0.15833333333333333,0.15833333333333333,0.0625
1,B2,unseen,standard,__all__,0.11666666666666667,0.4975490196078431,0.1908961881589619,0.11722222222222223,0.11722222222222223,-0.02916666666666667
1,B3,unseen,standard,__all__,0.26666666666666666,0.3879142300194932,0.35045067394360374,0.11722222222222223,0.11722222222222223,0.012499999999999997
1,P1,unseen,standard,__all__,0.25,0.5,0.35177865612648224,0.11722222222222223,0.10499999999999998,-0.012500000000000004
1,B1,unseen,standard,horizontal_new,0.20833333333333334,,0.2857142857142857,0.1328125,0.1328125,0.125
1,B2,unseen,standard,horizontal_new,0.20833333333333334,0.55,0.30603448275862066,0.078125,0.078125,-0.041666666666666664
1,B3,unseen,standard,horizontal_new,0.41666666666666663,0.4875,0.4810344827586207,0.078125,0.078125,0.020833333333333343
1,P1,unseen,standard,horizontal_new,0.3333333333333333,0.4923076923076923,0.4175209692451072,0.078125,0.08159722222222221,0.0
1,B1,unseen,standard,low_new,0.16666666666666666,,0.24242424242424243,0.17013888888888884,0.17013888888888884,0.10416666666666667
1,B2,unseen,standard,low_new,0.08333333333333334,0.4166666666666667,0.1402116402116402,0.12152777777777779,0.12152777777777779,-0.020833333333333332
1,B3,unseen,standard,low_new,0.29166666666666663,0.393939393939394,0.38306878306878306,0.12152777777777779,0.12152777777777779,0.020833333333333336
1,P1,unseen,standard,low_new,0.29166666666666663,0.393939393939394,0.38306878306878306,0.12152777777777779,0.08072916666666674,0.020833333333333336
1,B1,unseen,standard,two_new,0.125,,0.21428571428571427,0.18142361111111116,0.18142361111111116,0.020833333333333332
1,B2,unseen,standard,two_new,0.125,0.75,0.21428571428571427,0.1293402777777778,0.1293402777777778,-0.020833333333333332
1,B3,unseen,standard,two_new,0.375,0.9,0.5294117647058824,0.1293402777777778,0.1293402777777778,-0.020833333333333332
1,P1,unseen,standard,two_new,0.375,0.9,0.5294117647058824,0.1293402777777778,0.11197916666666674,-0.020833333333333332
1,B1,unseen,standard,vertical_new,0.08333333333333333,,0.14814814814814814,0.1684027777777778,0.1684027777777778,0.020833333333333332
1,B2,unseen,standard,vertical_new,0.04166666666666667,0.33333333333333337,0.07407407407407407,0.125,0.125,-0.020833333333333332
1,B3,unseen,standard,vertical_new,0.0,-0.17142857142857143,-0.01334816462736374,0.125,0.125,0.041666666666666664
1,P1,unseen,standard,vertical_new,0.04166666666666667,0.25,0.07142857142857142,0.125,0.12152777777777768,-0.020833333333333332
1,B1,unseen,standard,wide_new,0.125,,0.20689655172413793,0.140625,0.140625,0.041666666666666664
1,B2,unseen,standard,wide_new,0.125,0.55,0.2044334975369458,0.13020833333333337,0.13020833333333337,-0.04166666666666667
1,B3,unseen,standard,wide_new,0.25,0.44999999999999996,0.3403361344537815,0.13020833333333337,0.13020833333333337,0.0
1,P1,unseen,standard,wide_new,0.20833333333333334,0.6071428571428571,0.315668202764977,0.13020833333333337,0.12326388888888895,-0.04166666666666667
2,B1,all,__all__,__all__,0.14322916666666666,0.11773255813953487,0.18766384351683807,0.07483927408854163,0.07483927408854163,-0.0078125
2,B2,all,__all__,__all__,0.25,0.36258741258741256,0.353994690716026,0.30161539713541674,0.30161539713541674,-0.013020833333333332
2,B3,all,__all__,__all__,0.3385416666666667,0.10483870967741937,0.4173130879683117,0.30161539713541674,0.31627400716145826,0.05078125000000001
2,P1,all,__all__,__all__,0.39322916666666663,0.11261261261261268,0.46544150817959495,0.30161539713541674,0.27864583333333337,0.049479166666666664
2,B1,seen,__all__,__all__,0.1388888888888889,0.09985096870342769,0.16336274001037887,0.08509355709876543,0.08509355709876543,-0.010416666666666664
2,B2,seen,__all__,__all__,0.3055555555555556,0.3491525423728814,0.4053826745164003,0.3113908179012346,0.3113908179012346,-0.017361111111111112
2,B3,seen,__all__,__all__,0.38888888888888884,0.10077519379844968,0.44812687995624834,0.3113908179012346,0.320264274691358,0.052083333333333336
2,P1,seen,__all__,__all__,0.48611111111111116,0.1254125412541255,0.5272750609677833,0.3113908179012346,0.2965374228395061,0.05555555555555556
2,B1,seen,__all__,central_furniture,0.14583333333333334,0.06140350877192979,0.17412935323383089,0.08702256944444453,0.08702256944444453,0.0
2,B2,seen,__all__,central_furniture,0.3541666666666667,0.3583333333333334,0.43199233716475094,0.30837673611111105,0.30837673611111105,-0.03125
2,B3,seen,__all__,central_furniture,0.4583333333333333,0.07983193277310918,0.47671840354767187,0.30837673611111105,0.302734375,0.05208333333333334
2,P1,seen,__all__,central_furniture,0.5833333333333334,0.0714285714285714,0.5515151515151515,0.30837673611111105,0.27560763888888884,0.07291666666666667
2,B1,seen,__all__,clear,0.08333333333333331,0.14814814814814814,0.10666666666666669,0.09006076388888895,0.09006076388888895,-0.04166666666666667
2,B2,seen,__all__,clear,0.3333333333333333,0.35652173913043483,0.412821758135017,0.3101128472222222,0.3101128472222222,-0.03125
2,B3,seen,__all__,clear,0.4166666666666667,0.18145161290322576,0.45433996383363473,0.3101128472222222,0.3081597222222222,0.03125
2,P1,seen,__all__,clear,0.4791666666666667,0.17500000000000004,0.49612736660929424,0.3101128472222222,0.3038194444444444,0.04166666666666667
2,B1,seen,__all__,vertical_mid,0.1875,0.06666666666666665,0.2617550164719976,0.05946180555555558,0.05946180555555558,0.010416666666666666
2,B2,seen,__all__,vertical_mid,0.22916666666666666,,0.36666666666666664,0.28342013888888884,0.28342013888888884,0.010416666666666666
2,B3,seen,__all__,vertical_mid,0.2916666666666667,,0.4057971014492754,0.28342013888888884,0.3363715277777778,0.07291666666666667
2,P1,seen,__all__,vertical_mid,0.3958333333333333,,0.5277777777777778,0.28342013888888884,0.27408854166666663,0.052083333333333336
2,B1,seen,harsh,__all__,0.16666666666666663,0.1707317073170732,0.17789110544472775,0.09047067901234573,0.09047067901234573,-0.04861111111111111
2,B2,seen,harsh,__all__,0.5416666666666667,0.34444444444444444,0.5486542443064182,0.32696759259259267,0.32696759259259267,-0.034722222222222224
2,B3,seen,harsh,__all__,0.40277777777777773,0.261904761904762,0.4543254688445251,0.32696759259259267,0.32696759259259267,-0.013888888888888892
2,P1,seen,harsh,__all__,0.4583333333333333,0.2681159420289856,0.4989285018507695,0.32696759259259267,0.3354552469135802,-0.013888888888888892
2,B1,seen,harsh,central_furniture,0.20833333333333331,0.16666666666666663,0.2136752136752137,0.07986111111111105,0.07986111111111105,-0.041666666666666664
2,B2,seen,harsh,central_furniture,0.625,0.3545454545454546,0.5601023017902813,0.31944444444444453,0.31944444444444453,-0.0625
2,B3,seen,harsh,central_furniture,0.45833333333333326,0.22689075630252098,0.4579071597167585,0.31944444444444453,0.31944444444444453,-0.020833333333333332
2,P1,seen,harsh,central_furniture,0.5416666666666666,0.23308270676691722,0.5146286571642911,0.31944444444444453,0.33072916666666674,-0.020833333333333332
2,B1,seen,harsh,clear,0.08333333333333326,0.16666666666666663,0.12318840579710144,0.06597222222222221,0.06597222222222221,-0.08333333333333333
2,B2,seen,harsh,clear,0.625,0.3545454545454546,0.5601023017902813,0.32552083333333337,0.32552083333333337,-0.0625
2,B3,seen,harsh,clear,0.5,0.3194444444444444,0.49702380952380953,0.32552083333333337,0.32552083333333337,-0.04166666666666667
2,P1,seen,harsh,clear,0.5,0.3194444444444444,0.49702380952380953,0.32552083333333337,0.33072916666666674,-0.04166666666666667
2,B1,seen,harsh,vertical_mid,0.20833333333333334,0.19999999999999996,0.2695924764890282,0.06336805555555558,0.06336805555555558,-0.020833333333333332
2,B2,seen,harsh,vertical_mid,0.375,,0.5294117647058824,0.2777777777777778,0.2777777777777778,0.020833333333333332
2,B3,seen,harsh,vertical_mid,0.25,,0.3870967741935484,0.2777777777777778,0.2777777777777778,0.020833333333333332
2,P1,seen,harsh,vertical_mid,0.3333333333333333,,0.48484848484848486,0.2777777777777778,0.29079861111111105,0.020833333333333332
2,B1,seen,standard,__all__,0.11111111111111112,0.0,0.17655172413793102,0.05131172839506182,0.05131172839506182,0.02777777777777778
2,B2,seen,standard,__all__,0.06944444444444445,,0.12987012987012986,0.2894483024691358,0.2894483024691358,0.0
2,B3,seen,standard,__all__,0.375,,0.46551724137931033,0.2894483024691358,0.2894483024691358,0.11805555555555555
2,P1,seen,standard,__all__,0.5138888888888888,,0.5826771653543307,0.2894483024691358,0.23456790123456794,0.125
2,B1,seen,standard,central_furniture,0.08333333333333333,,0.14285714285714285,0.05295138888888895,0.05295138888888895,0.041666666666666664
2,B2,seen,standard,central_furniture,0.08333333333333333,,0.15384615384615385,0.29600694444444453,0.29600694444444453,0.0
2,B3,seen,standard,central_furniture,0.4583333333333333,,0.5365853658536586,0.29600694444444453,0.29600694444444453,0.125
2,P1,seen,standard,central_furniture,0.625,,0.6382978723404256,0.29600694444444453,0.23350694444444442,0.16666666666666666
2,B1,seen,standard,clear,0.08333333333333333,0.13333333333333341,0.1277139208173691,0.05295138888888895,0.05295138888888895,0.0
2,B2,seen,standard,clear,0.041666666666666664,,0.08,0.3046875,0.3046875,0.0
2,B3,seen,standard,clear,0.3333333333333333,,0.43243243243243246,0.3046875,0.3046875,0.10416666666666667
2,P1,seen,standard,clear,0.4583333333333333,,0.5365853658536586,0.3046875,0.3046875,0.125
2,B1,seen,standard,vertical_mid,0.16666666666666666,,0.26666666666666666,0.06336805555555558,0.06336805555555558,0.041666666666666664
2,B2,seen,standard,vertical_mid,0.08333333333333333,,0.15384615384615385,0.2647569444444444,0.2647569444444444,0.0
2,B3,seen,standard,vertical_mid,0.3333333333333333,,0.42105263157894735,0.2647569444444444,0.2647569444444444,0.125
2,P1,seen,standard,vertical_mid,0.4583333333333333,,0.5641025641025641,0.2647569444444444,0.171875,0.08333333333333333
2,B1,unseen,__all__,__all__,0.14583333333333331,0.1356209150326797,0.20543948804818374,0.06628472222222215,0.06628472222222215,-0.00625
2,B2,unseen,__all__,__all__,0.21666666666666665,0.37382629107981225,0.31952158238331874,0.29471354166666675,0.29471354166666675,-0.010416666666666664
2,B3,unseen,__all__,__all__,0.3083333333333333,0.11184210526315785,0.3964512711864407,0.29471354166666675,0.31405381944444455,0.05
2,P1,unseen,__all__,__all__,0.3375,0.10192837465564741,0.4222122012497584,0.29471354166666675,0.26807291666666666,0.04583333333333334
2,B1,unseen,__all__,horizontal_new,0.20833333333333331,-0.1333333333333333,0.29505135387488324,0.06380208333333337,0.06380208333333337,0.020833333333333332
2,B2,unseen,__all__,horizontal_new,0.20833333333333334,,0.3333333333333333,0.2890625,0.2890625,0.020833333333333332
2,B3,unseen,__all__,horizontal_new,0.2708333333333333,,0.3880597014925373,0.2890625,0.3285590277777778,0.0625
2,P1,unseen,__all__,horizontal_new,0.3125,,0.42857142857142855,0.2890625,0.2528211805555556,0.07291666666666667
2,B1,unseen,__all__,low_new,0.18749999999999997,0.18076923076923068,0.23095467695274835,0.07660590277777779,0.07660590277777779,-0.020833333333333336
2,B2,unseen,__all__,low_new,0.2708333333333333,0.39181286549707595,0.36187483634459283,0.28797743055555547,0.28797743055555547,-0.03125
2,B3,unseen,__all__,low_new,0.25,0.06060606060606066,0.308994708994709,0.28797743055555547,0.29361979166666674,0.04166666666666667
2,P1,unseen,__all__,low_new,0.3125,0.09333333333333338,0.3723997970573313,0.28797743055555547,0.26540798611111116,0.04166666666666667
2,B1,unseen,__all__,two_new,0.0625,0.125,0.09482758620689657,0.06684027777777779,0.06684027777777779,-0.010416666666666666
2,B2,unseen,__all__,two_new,0.14583333333333331,0.34523809523809523,0.2212121212121212,0.29709201388888884,0.29709201388888884,-0.020833333333333336
2,B3,unseen,__all__,two_new,0.3125,0.21818181818181825,0.40107816711590294,0.29709201388888884,0.30859375,0.020833333333333332
2,P1,unseen,__all__,two_new,0.33333333333333337,0.07407407407407407,0.3851851851851852,0.29709201388888884,0.2348090277777778,0.05208333333333334
2,B1,unseen,__all__,vertical_new,0.14583333333333334,0.2333333333333334,0.2319134550371873,0.05164930555555558,0.05164930555555558,0.0
2,B2,unseen,__all__,vertical_new,0.20833333333333334,,0.3389830508474576,0.25651041666666674,0.25651041666666674,0.010416666666666666
2,B3,unseen,__all__,vertical_new,0.3125,,0.43478260869565216,0.25651041666666674,0.32899305555555547,0.0625
2,P1,unseen,__all__,vertical_new,0.3333333333333333,,0.47761194029850745,0.25651041666666674,0.2684461805555556,0.03125
2,B1,unseen,__all__,wide_new,0.12499999999999997,0.2222222222222222,0.180615473109002,0.08224826388888895,0.08224826388888895,-0.020833333333333332
2,B2,unseen,__all__,wide_new,0.25,0.4411764705882353,0.3494505494505495,0.29210069444444453,0.29210069444444453,-0.03125
2,B3,unseen,__all__,wide_new,0.3958333333333333,0.1333333333333333,0.4508950169327528,0.29210069444444453,0.2866753472222222,0.0625
2,P1,unseen,__all__,wide_new,0.39583333333333337,0.15476190476190477,0.4571150097465887,0.29210069444444453,0.26193576388888884,0.03125
2,B1,unseen,harsh,__all__,0.19166666666666668,0.17142857142857137,0.23045761440360085,0.08395833333333336,0.08395833333333336,-0.025
2,B2,unseen,harsh,__all__,0.35833333333333334,0.3763661202185793,0.4382289748311847,0.32649305555555563,0.32649305555555563,-0.024999999999999998
2,B3,unseen,harsh,__all__,0.23333333333333334,0.32499999999999996,0.3279411764705882,0.32649305555555563,0.32649305555555563,-0.01666666666666667
2,P1,unseen,harsh,__all__,0.2666666666666666,0.23129251700680276,0.34679701569333676,0.32649305555555563,0.3322569444444444,-0.004166666666666669
2,B1,unseen,harsh,horizontal_new,0.2916666666666667,0.0,0.36601307189542487,0.08420138888888884,0.08420138888888884,0.0
2,B2,unseen,harsh,horizontal_new,0.375,,0.5294117647058824,0.3289930555555556,0.3289930555555556,0.020833333333333332
2,B3,unseen,harsh,horizontal_new,0.125,,0.2222222222222222,0.3289930555555556,0.3289930555555556,0.0
2,P1,unseen,harsh,horizontal_new,0.20833333333333334,,0.3333333333333333,0.3289930555555556,0.3289930555555556,0.020833333333333332
2,B1,unseen,harsh,low_new,0.24999999999999994,0.16666666666666663,0.24444444444444446,0.06684027777777779,0.06684027777777779,-0.041666666666666664
2,B2,unseen,harsh,low_new,0.41666666666666663,0.3819444444444444,0.44696969696969696,0.31857638888888895,0.31857638888888895,-0.0625
2,B3,unseen,harsh,low_new,0.20833333333333334,0.33333333333333337,0.27878787878787875,0.31857638888888895,0.31857638888888895,-0.041666666666666664
2,P1,unseen,harsh,low_new,0.29166666666666663,0.25,0.3444444444444445,0.31857638888888895,0.31857638888888895,-0.020833333333333332
2,B1,unseen,harsh,two_new,0.04166666666666663,0.125,0.0625,0.08420138888888884,0.08420138888888884,-0.020833333333333332
2,B2,unseen,harsh,two_new,0.29166666666666663,0.34523809523809523,0.3530465949820789,0.3237847222222222,0.3237847222222222,-0.04166666666666667
2,B3,unseen,harsh,two_new,0.20833333333333331,0.4,0.2931034482758621,0.3237847222222222,0.3237847222222222,-0.041666666666666664
2,P1,unseen,harsh,two_new,0.20833333333333334,0.2333333333333334,0.2627450980392157,0.3237847222222222,0.3237847222222222,-0.020833333333333332
2,B1,unseen,harsh,vertical_new,0.20833333333333337,0.33333333333333337,0.3034647550776583,0.06336805555555558,0.06336805555555558,-0.020833333333333332
2,B2,unseen,harsh,vertical_new,0.3333333333333333,,0.48484848484848486,0.2690972222222222,0.2690972222222222,0.020833333333333332
2,B3,unseen,harsh,vertical_new,0.25,,0.3870967741935484,0.2690972222222222,0.2690972222222222,0.020833333333333332
2,P1,unseen,harsh,vertical_new,0.25,,0.3870967741935484,0.2690972222222222,0.30729166666666663,0.020833333333333332
2,B1,unseen,harsh,wide_new,0.16666666666666663,0.2222222222222222,0.2043290043290043,0.09635416666666663,0.09635416666666663,-0.041666666666666664
2,B2,unseen,harsh,wide_new,0.375,0.4285714285714286,0.4342105263157895,0.3211805555555556,0.3211805555555556,-0.0625
2,B3,unseen,harsh,wide_new,0.375,0.32307692307692315,0.4417520969245108,0.3211805555555556,0.3211805555555556,-0.020833333333333332
2,P1,unseen,harsh,wide_new,0.375,0.261904761904762,0.41754385964912283,0.3211805555555556,0.32986111111111105,-0.020833333333333332
2,B1,unseen,standard,__all__,0.1,0.75,0.17647058823529413,0.021944444444444433,0.021944444444444433,0.0125
2,B2,unseen,standard,__all__,0.075,,0.13846153846153847,0.24416666666666664,0.24416666666666664,0.004166666666666667
2,B3,unseen,standard,__all__,0.38333333333333336,,0.4742268041237113,0.24416666666666664,0.24416666666666664,0.11666666666666667
2,P1,unseen,standard,__all__,0.4083333333333333,,0.5104166666666666,0.24416666666666664,0.14479166666666665,0.09583333333333334
2,B1,unseen,standard,horizontal_new,0.125,,0.20689655172413793,0.02517361111111116,0.02517361111111116,0.041666666666666664
2,B2,unseen,standard,horizontal_new,0.041666666666666664,,0.07692307692307693,0.21875,0.21875,0.020833333333333332
2,B3,unseen,standard,horizontal_new,0.4166666666666667,,0.5,0.21875,0.21875,0.125
2,P1,unseen,standard,horizontal_new,0.4166666666666667,,0.5,0.21875,0.12586805555555547,0.125
2,B1,unseen,standard,low_new,0.125,0.75,0.21428571428571427,0.03038194444444442,0.03038194444444442,0.0
2,B2,unseen,standard,low_new,0.125,,0.2222222222222222,0.2456597222222222,0.2456597222222222,0.0
2,B3,unseen,standard,low_new,0.2916666666666667,,0.3783783783783784,0.2456597222222222,0.2456597222222222,0.125
2,P1,unseen,standard,low_new,0.3333333333333333,,0.43243243243243246,0.2456597222222222,0.1762152777777778,0.10416666666666667
2,B1,unseen,standard,two_new,0.08333333333333333,,0.15384615384615385,0.02430555555555558,0.02430555555555558,0.0
2,B2,unseen,standard,two_new,0.0,,0.0,0.26822916666666674,0.26822916666666674,0.0
2,B3,unseen,standard,two_new,0.4166666666666667,,0.5263157894736842,0.26822916666666674,0.26822916666666674,0.08333333333333333
2,P1,unseen,standard,two_new,0.4583333333333333,,0.5365853658536586,0.26822916666666674,0.10416666666666674,0.125
2,B1,unseen,standard,vertical_new,0.08333333333333333,,0.14814814814814814,0.02083333333333337,0.02083333333333337,0.020833333333333332
2,B2,unseen,standard,vertical_new,0.08333333333333333,,0.15384615384615385,0.2152777777777778,0.2152777777777778,0.0
2,B3,unseen,standard,vertical_new,0.375,,0.47368421052631576,0.2152777777777778,0.2152777777777778,0.10416666666666667
2,P1,unseen,standard,vertical_new,0.4166666666666667,,0.5555555555555556,0.2152777777777778,0.14756944444444442,0.041666666666666664
2,B1,unseen,standard,wide_new,0.08333333333333333,,0.15384615384615385,0.03732638888888895,0.03732638888888895,0.0
2,B2,unseen,standard,wide_new,0.125,,0.2222222222222222,0.2621527777777778,0.2621527777777778,0.0
2,B3,unseen,standard,wide_new,0.4166666666666667,,0.4878048780487805,0.2621527777777778,0.2621527777777778,0.14583333333333334
2,P1,unseen,standard,wide_new,0.4166666666666667,,0.5263157894736842,0.2621527777777778,0.1640625,0.08333333333333333
3,B1,all,__all__,__all__,-0.0078125,0.02404752019927825,-0.0025357080440412405,-0.02047051323784721,-0.02047051323784721,-0.006510416666666664
3,B2,all,__all__,__all__,0.21875,0.27215041128084605,0.31810890188928925,0.11088053385416674,0.11088053385416674,-0.0078125
3,B3,all,__all__,__all__,0.15364583333333331,0.0368421052631579,0.2188345453498858,0.11088053385416674,0.16508653428819442,0.016927083333333332
3,P1,all,__all__,__all__,0.24739583333333331,0.12884238064094178,0.3399590079370538,0.11088053385416674,0.13112046983506942,0.014322916666666668
3,B1,seen,__all__,__all__,0.020833333333333315,0.038961038961038974,0.02714932126696834,-0.005449459876543217,-0.005449459876543217,-0.010416666666666664
3,B2,seen,__all__,__all__,0.2986111111111111,0.23653395784543318,0.3840354767184035,0.12280574845679015,0.12280574845679015,-0.010416666666666666
3,B3,seen,__all__,__all__,0.17361111111111113,0.036658141517476595,0.22373714110241058,0.12280574845679015,0.17170621141975306,0.010416666666666668
3,P1,seen,__all__,__all__,0.3263888888888889,0.13571428571428568,0.3965124230681559,0.12280574845679015,0.14870273919753085,0.010416666666666664
3,B1,seen,__all__,central_furniture,0.0,0.06868131868131866,0.017780938833570348,-0.01085069444444442,-0.01085069444444442,-0.020833333333333336
3,B2,seen,__all__,central_furniture,0.25,0.27450980392156865,0.3441595441595442,0.13194444444444453,0.13194444444444453,-0.010416666666666666
3,B3,seen,__all__,central_furniture,0.14583333333333331,0.20879120879120883,0.21162444113263784,0.13194444444444453,0.17664930555555558,-0.010416666666666666
3,P1,seen,__all__,central_furniture,0.25,0.2222222222222222,0.3367003367003367,0.13194444444444453,0.15060763888888884,0.0
3,B1,seen,__all__,clear,0.0,0.0566959921798631,0.0181278324738241,0.0026041666666666297,0.0026041666666666297,-0.020833333333333332
3,B2,seen,__all__,clear,0.33333333333333337,0.2142857142857143,0.3651612903225806,0.13216145833333337,0.13216145833333337,-0.03125
3,B3,seen,__all__,clear,0.16666666666666669,0.046376811594202816,0.1788508830762352,0.13216145833333337,0.16080729166666663,0.0
3,P1,seen,__all__,clear,0.39583333333333337,0.1517857142857143,0.3951612903225806,0.13216145833333337,0.14865451388888895,-0.010416666666666668
3,B1,seen,__all__,vertical_mid,0.0625,-0.03749999999999998,0.06066176470588236,-0.00802951388888884,-0.00802951388888884,0.010416666666666666
3,B2,seen,__all__,vertical_mid,0.3125,0.8823529411764706,0.46153846153846156,0.08615451388888884,0.08615451388888884,0.010416666666666666
3,B3,seen,__all__,vertical_mid,0.20833333333333331,-0.2666666666666667,0.30839002267573695,0.08615451388888884,0.16449652777777768,0.041666666666666664
3,P1,seen,__all__,vertical_mid,0.3333333333333333,,0.47058823529411764,0.08615451388888884,0.11762152777777779,0.041666666666666664
3,B1,seen,harsh,__all__,0.01388888888888895,0.06190476190476191,0.03434343434343434,0.011766975308641903,0.011766975308641903,-0.027777777777777776
3,B2,seen,harsh,__all__,0.43055555555555547,0.25,0.45357406042741344,0.14660493827160492,0.14660493827160492,-0.034722222222222224
3,B3,seen,harsh,__all__,0.23611111111111113,0.1428571428571429,0.29518765830071375,0.14660493827160492,0.14660493827160492,-0.013888888888888888
3,P1,seen,harsh,__all__,0.4444444444444444,0.1875,0.4737762237762238,0.14660493827160492,0.15171682098765438,-0.020833333333333332
3,B1,seen,harsh,central_furniture,-0.04166666666666663,0.08333333333333337,0.01666666666666672,0.0008680555555554692,0.0008680555555554692,-0.041666666666666664
3,B2,seen,harsh,central_furniture,0.375,0.33333333333333337,0.4360360360360361,0.13454861111111105,0.13454861111111105,-0.041666666666666664
3,B3,seen,harsh,central_furniture,0.20833333333333334,0.19999999999999996,0.2695924764890282,0.13454861111111105,0.13454861111111105,-0.020833333333333332
3,P1,seen,harsh,central_furniture,0.33333333333333337,0.19999999999999996,0.3908045977011494,0.13454861111111105,0.13802083333333326,-0.020833333333333332
3,B1,seen,harsh,clear,0.0,0.07371794871794879,0.03833333333333333,0.00347222222222221,0.00347222222222221,-0.04166666666666667
3,B2,seen,harsh,clear,0.4583333333333333,0.15384615384615385,0.3619271445358402,0.1284722222222222,0.1284722222222222,-0.041666666666666664
3,B3,seen,harsh,clear,0.2916666666666667,0.11111111111111116,0.2843822843822844,0.1284722222222222,0.1284722222222222,-0.020833333333333332
3,P1,seen,harsh,clear,0.5416666666666666,0.18181818181818177,0.4422360248447206,0.1284722222222222,0.13107638888888884,-0.041666666666666664
3,B1,seen,harsh,vertical_mid,0.08333333333333337,0.01025641025641022,0.06930006930006927,0.01215277777777779,0.01215277777777779,0.0
3,B2,seen,harsh,vertical_mid,0.4583333333333333,1.0,0.6285714285714286,0.14670138888888884,0.14670138888888884,-0.020833333333333332
3,B3,seen,harsh,vertical_mid,0.20833333333333334,,0.3448275862068966,0.14670138888888884,0.14670138888888884,0.0
3,P1,seen,harsh,vertical_mid,0.4583333333333333,,0.6285714285714286,0.14670138888888884,0.1519097222222222,0.0
3,B1,seen,standard,__all__,0.02777777777777779,-0.03361344537815125,0.03553697413117324,-0.05902777777777768,-0.05902777777777768,0.006944444444444444
3,B2,seen,standard,__all__,0.16666666666666666,0.8,0.27586206896551724,0.08603395061728392,0.08603395061728392,0.013888888888888888
3,B3,seen,standard,__all__,0.11111111111111112,-0.09595959595959602,0.14630942999737329,0.08603395061728392,0.08603395061728392,0.034722222222222224
3,P1,seen,standard,__all__,0.20833333333333331,0.18000000000000005,0.29788388497015733,0.08603395061728392,0.07841435185185186,0.041666666666666664
3,B1,seen,standard,central_furniture,0.04166666666666666,0.050000000000000044,0.061576354679802964,-0.07378472222222221,-0.07378472222222221,0.0
3,B2,seen,standard,central_furniture,0.125,,0.21428571428571427,0.10763888888888884,0.10763888888888884,0.020833333333333332
3,B3,seen,standard,central_furniture,0.08333333333333334,0.25,0.13736263736263735,0.10763888888888884,0.10763888888888884,0.0
3,P1,seen,standard,central_furniture,0.16666666666666666,0.6666666666666666,0.26666666666666666,0.10763888888888884,0.09201388888888895,0.020833333333333332
3,B1,seen,standard,clear,0.0,0.0,0.0,-0.04513888888888884,-0.04513888888888884,0.0
3,B2,seen,standard,clear,0.20833333333333334,1.0,0.3448275862068966,0.12673611111111105,0.12673611111111105,-0.020833333333333332
3,B3,seen,standard,clear,0.04166666666666666,-0.08333333333333337,0.041666666666666685,0.12673611111111105,0.12673611111111105,0.020833333333333332
3,P1,seen,standard,clear,0.25,0.13333333333333341,0.3224400871459695,0.12673611111111105,0.12673611111111105,0.020833333333333332
3,B1,seen,standard,vertical_mid,0.04166666666666666,-0.19999999999999996,0.05363984674329503,-0.05034722222222221,-0.05034722222222221,0.020833333333333332
3,B2,seen,standard,vertical_mid,0.16666666666666666,,0.26666666666666666,0.0078125,0.0078125,0.041666666666666664
3,B3,seen,standard,vertical_mid,0.20833333333333334,-0.4,0.27294117647058824,0.0078125,0.0078125,0.08333333333333333
3,P1,seen,standard,vertical_mid,0.20833333333333334,,0.30303030303030304,0.0078125,-0.00434027777777779,0.08333333333333333
3,B1,unseen,__all__,__all__,-0.025000000000000022,0.012019230769230727,-0.022840531561461708,-0.03097222222222218,-0.03097222222222218,-0.004166666666666666
3,B2,unseen,__all__,__all__,0.17083333333333334,0.3194444444444444,0.2688137755102041,0.10085937499999997,0.10085937499999997,-0.00625
3,B3,unseen,__all__,__all__,0.14166666666666666,0.07909604519774016,0.21588300872188343,0.10085937499999997,0.16032986111111114,0.020833333333333336
3,P1,unseen,__all__,__all__,0.19999999999999998,0.13377926421404684,0.29778579377566294,0.10085937499999997,0.11937500000000001,0.01666666666666667
3,B1,unseen,__all__,horizontal_new,-0.0625,-0.026470588235294135,-0.0692307692307692,-0.03103298611111105,-0.03103298611111105,0.0
3,B2,unseen,__all__,horizontal_new,0.14583333333333334,,0.24561403508771928,0.037109375,0.037109375,0.020833333333333332
3,B3,unseen,__all__,horizontal_new,0.125,-0.36363636363636365,0.1964718090626081,0.037109375,0.16319444444444442,0.041666666666666664
3,P1,unseen,__all__,horizontal_new,0.20833333333333334,,0.3225806451612903,0.037109375,0.07703993055555558,0.041666666666666664
3,B1,unseen,__all__,low_new,0.0,0.028735632183907955,0.008325008325008265,-0.01280381944444453,-0.01280381944444453,-0.010416666666666671
3,B2,unseen,__all__,low_new,0.22916666666666663,0.3161764705882353,0.31373626373626373,0.1293402777777778,0.1293402777777778,-0.020833333333333336
3,B3,unseen,__all__,low_new,0.1875,0.15000000000000002,0.2617924528301887,0.1293402777777778,0.16710069444444442,0.020833333333333332
3,P1,unseen,__all__,low_new,0.25,0.016666666666666607,0.3148148148148148,0.1293402777777778,0.14192708333333326,0.020833333333333336
3,B1,unseen,__all__,two_new,-0.04166666666666663,0.13636363636363635,-0.01978021978021971,-0.03624131944444442,-0.03624131944444442,-0.03125
3,B2,unseen,__all__,two_new,0.08333333333333334,0.25,0.13916083916083913,0.1312934027777778,0.1312934027777778,-0.010416666666666666
3,B3,unseen,__all__,two_new,0.0625,0.2142857142857143,0.1048951048951049,0.1312934027777778,0.16124131944444442,0.0
3,P1,unseen,__all__,two_new,0.10416666666666669,0.20833333333333337,0.1715686274509804,0.1312934027777778,0.12196180555555558,0.0
3,B1,unseen,__all__,vertical_new,0.06250000000000003,-0.06666666666666665,0.07156308851224102,-0.02907986111111116,-0.02907986111111116,0.010416666666666666
3,B2,unseen,__all__,vertical_new,0.20833333333333334,1.0,0.3448275862068966,0.06749131944444442,0.06749131944444442,-0.010416666666666666
3,B3,unseen,__all__,vertical_new,0.16666666666666666,-0.3076923076923077,0.2542656406825025,0.06749131944444442,0.150390625,0.041666666666666664
3,P1,unseen,__all__,vertical_new,0.22916666666666666,,0.36065573770491804,0.06749131944444442,0.09722222222222221,0.020833333333333332
3,B1,unseen,__all__,wide_new,-0.08333333333333331,-0.05555555555555558,-0.09354413702239794,-0.03385416666666663,-0.03385416666666663,0.010416666666666666
3,B2,unseen,__all__,wide_new,0.1875,0.33333333333333337,0.2944499833831838,0.13671875,0.13671875,-0.010416666666666666
3,B3,unseen,__all__,wide_new,0.16666666666666666,0.16666666666666663,0.2512820512820513,0.13671875,0.16514756944444453,0.0
3,P1,unseen,__all__,wide_new,0.20833333333333334,0.3571428571428571,0.31017369727047145,0.13671875,0.13346354166666674,0.0
3,B1,unseen,harsh,__all__,-0.09166666666666667,0.061491628614916305,-0.04520108561559344,0.003368055555555638,0.003368055555555638,-0.025
3,B2,unseen,harsh,__all__,0.25,0.375,0.3529411764705882,0.14513888888888893,0.14513888888888893,-0.025
3,B3,unseen,harsh,__all__,0.15000000000000002,0.25,0.23958333333333331,0.14513888888888893,0.14513888888888893,-0.008333333333333333
3,P1,unseen,harsh,__all__,0.26666666666666666,0.2727272727272727,0.37786259541984735,0.14513888888888893,0.14704861111111112,-0.0125
3,B1,unseen,harsh,horizontal_new,-0.16666666666666669,0.125,-0.11176470588235288,-0.00434027777777779,-0.00434027777777779,-0.041666666666666664
3,B2,unseen,harsh,horizontal_new,0.25,,0.4,0.10069444444444442,0.10069444444444442,0.0
3,B3,unseen,harsh,horizontal_new,0.08333333333333333,,0.15384615384615385,0.10069444444444442,0.10069444444444442,0.0
3,P1,unseen,harsh,horizontal_new,0.25,,0.4,0.10069444444444442,0.10069444444444442,0.0
3,B1,unseen,harsh,low_new,-0.04166666666666663,0.03304347826086951,-0.004342162396873683,0.01041666666666663,0.01041666666666663,-0.020833333333333336
3,B2,unseen,harsh,low_new,0.33333333333333326,0.375,0.39020270270270274,0.13368055555555558,0.13368055555555558,-0.0625
3,B3,unseen,harsh,low_new,0.25,0.33333333333333337,0.35185185185185186,0.13368055555555558,0.13368055555555558,-0.020833333333333332
3,P1,unseen,harsh,low_new,0.375,0.19999999999999996,0.4268406337371855,0.13368055555555558,0.13368055555555558,-0.020833333333333332
3,B1,unseen,harsh,two_new,-0.20833333333333337,0.1428571428571429,-0.0972972972972973,0.00694444444444442,0.00694444444444442,-0.0625
3,B2,unseen,harsh,two_new,0.08333333333333334,0.25,0.1305418719211823,0.14583333333333337,0.14583333333333337,-0.020833333333333332
3,B3,unseen,harsh,two_new,0.04166666666666667,0.33333333333333337,0.07407407407407407,0.14583333333333337,0.14583333333333337,-0.020833333333333332
3,P1,unseen,harsh,two_new,0.125,0.33333333333333337,0.19667943805874843,0.14583333333333337,0.14583333333333337,-0.020833333333333332
3,B1,unseen,harsh,vertical_new,0.125,0.0,0.12121212121212122,0.00347222222222221,0.00347222222222221,0.0
3,B2,unseen,harsh,vertical_new,0.2916666666666667,1.0,0.45161290322580644,0.14670138888888895,0.14670138888888895,-0.020833333333333332
3,B3,unseen,harsh,vertical_new,0.16666666666666666,,0.2857142857142857,0.14670138888888895,0.14670138888888895,0.0
3,P1,unseen,harsh,vertical_new,0.2916666666666667,,0.45161290322580644,0.14670138888888895,0.1597222222222222,0.0
3,B1,unseen,harsh,wide_new,-0.16666666666666663,0.0,-0.11449016100178888,-0.00347222222222221,-0.00347222222222221,0.0
3,B2,unseen,harsh,wide_new,0.2916666666666667,0.33333333333333337,0.3973063973063973,0.15451388888888884,0.15451388888888884,-0.020833333333333332
3,B3,unseen,harsh,wide_new,0.20833333333333337,0.0,0.2977667493796526,0.15451388888888884,0.15451388888888884,0.0
3,P1,unseen,harsh,wide_new,0.2916666666666667,0.33333333333333337,0.3973063973063973,0.15451388888888884,0.15711805555555558,-0.020833333333333332
3,B1,unseen,standard,__all__,0.04166666666666667,-0.09006211180124224,0.059597119298611834,-0.08034722222222224,-0.08034722222222224,0.016666666666666666
3,B2,unseen,standard,__all__,0.09166666666666666,,0.16417910447761194,0.04076388888888882,0.04076388888888882,0.0125
3,B3,unseen,standard,__all__,0.13333333333333333,0.0,0.19507239014478028,0.04076388888888882,0.04076388888888882,0.05
3,P1,unseen,standard,__all__,0.13333333333333333,0.08620689655172409,0.21179447684013644,0.04076388888888882,0.032187499999999925,0.04583333333333334
3,B1,unseen,standard,horizontal_new,0.04166666666666666,-0.1785714285714286,0.04377880184331798,-0.03472222222222221,-0.03472222222222221,0.04166666666666667
3,B2,unseen,standard,horizontal_new,0.041666666666666664,,0.07407407407407407,-0.02170138888888895,-0.02170138888888895,0.041666666666666664
3,B3,unseen,standard,horizontal_new,0.16666666666666669,-0.4444444444444444,0.22303030303030302,-0.02170138888888895,-0.02170138888888895,0.08333333333333333
3,P1,unseen,standard,horizontal_new,0.16666666666666666,,0.25,-0.02170138888888895,-0.01822916666666663,0.08333333333333333
3,B1,unseen,standard,low_new,0.04166666666666666,0.06666666666666665,0.059770114942528735,-0.06944444444444442,-0.06944444444444442,0.0
3,B2,unseen,standard,low_new,0.125,,0.21428571428571427,0.10590277777777768,0.10590277777777768,0.020833333333333332
3,B3,unseen,standard,low_new,0.125,0.0,0.17307692307692307,0.10590277777777768,0.10590277777777768,0.0625
3,P1,unseen,standard,low_new,0.125,-0.4285714285714286,0.17806451612903224,0.10590277777777768,0.09027777777777768,0.0625
3,B1,unseen,standard,two_new,0.125,0.0,0.20571428571428568,-0.1015625,-0.1015625,0.0
3,B2,unseen,standard,two_new,0.08333333333333333,,0.15384615384615385,0.09201388888888884,0.09201388888888884,0.0
3,B3,unseen,standard,two_new,0.08333333333333333,0.5,0.14285714285714285,0.09201388888888884,0.09201388888888884,0.020833333333333332
3,P1,unseen,standard,two_new,0.08333333333333333,,0.14814814814814814,0.09201388888888884,0.05295138888888884,0.020833333333333332
3,B1,unseen,standard,vertical_new,0.0,-0.33333333333333337,-0.005698005698005715,-0.08420138888888895,-0.08420138888888895,0.020833333333333332
3,B2,unseen,standard,vertical_new,0.125,,0.2222222222222222,-0.02864583333333337,-0.02864583333333337,0.0
3,B3,unseen,standard,vertical_new,0.16666666666666669,-0.4444444444444444,0.22303030303030302,-0.02864583333333337,-0.02864583333333337,0.08333333333333333
3,P1,unseen,standard,vertical_new,0.16666666666666666,,0.26666666666666666,-0.02864583333333337,-0.02864583333333337,0.041666666666666664
3,B1,unseen,standard,wide_new,0.0,-0.33333333333333337,-0.005698005698005715,-0.10850694444444442,-0.10850694444444442,0.020833333333333332
3,B2,unseen,standard,wide_new,0.08333333333333333,,0.15384615384615385,0.08420138888888884,0.08420138888888884,0.0
3,B3,unseen,standard,wide_new,0.125,0.30000000000000004,0.1989389920424403,0.08420138888888884,0.08420138888888884,0.0
3,P1,unseen,standard,wide_new,0.125,0.6,0.20689655172413793,0.08420138888888884,0.05034722222222221,0.020833333333333332
4,B1,all,__all__,__all__,0.4036458333333333,0.22028339018630272,0.49276540923547646,0.2489691840277778,0.2489691840277778,0.018229166666666668
4,B2,all,__all__,__all__,0.36458333333333337,0.3158119658119658,0.46926713947990545,0.2229851616753472,0.2229851616753472,0.0013020833333333356
4,B3,all,__all__,__all__,0.3125,0.14129870129870126,0.3942955544781235,0.2229851616753472,0.261627197265625,0.014322916666666668
4,P1,all,__all__,__all__,0.3671875,0.1958781362007168,0.47199008801162096,0.2229851616753472,0.2322150336371528,0.010416666666666668
4,B1,seen,__all__,__all__,0.4444444444444445,0.2941176470588236,0.5174139951006497,0.27760898919753085,0.27760898919753085,0.0034722222222222238
4,B2,seen,__all__,__all__,0.3680555555555555,0.35144927536231885,0.45542248835662014,0.2412471064814815,0.2412471064814815,-0.013888888888888892
4,B3,seen,__all__,__all__,0.3055555555555556,0.24235294117647055,0.3766886234230211,0.2412471064814815,0.2730758101851851,-0.0034722222222222238
4,P1,seen,__all__,__all__,0.3680555555555555,0.21989906272530635,0.44878572842158837,0.2412471064814815,0.2534481095679013,0.0034722222222222238
4,B1,seen,__all__,central_furniture,0.4166666666666667,0.1785714285714286,0.4760765550239235,0.27907986111111116,0.27907986111111116,0.010416666666666668
4,B2,seen,__all__,central_furniture,0.375,0.20571428571428574,0.448318804483188,0.23177083333333337,0.23177083333333337,0.0
4,B3,seen,__all__,central_furniture,0.33333333333333337,0.2028985507246377,0.41523213354199273,0.23177083333333337,0.2567274305555556,0.010416666666666668
4,P1,seen,__all__,central_furniture,0.3541666666666667,0.11956521739130432,0.44799566630552545,0.23177083333333337,0.24305555555555547,0.020833333333333336
4,B1,seen,__all__,clear,0.47916666666666663,0.3607954545454546,0.5216101694915254,0.29166666666666674,0.29166666666666674,-0.020833333333333336
4,B2,seen,__all__,clear,0.35416666666666663,0.42307692307692313,0.42284219703574544,0.25065104166666674,0.25065104166666674,-0.05208333333333334
4,B3,seen,__all__,clear,0.33333333333333337,0.3555555555555555,0.38603174603174606,0.25065104166666674,0.26736111111111105,-0.04166666666666667
4,P1,seen,__all__,clear,0.35416666666666663,0.30555555555555547,0.4066666666666667,0.25065104166666674,0.25759548611111116,-0.020833333333333336
4,B1,seen,__all__,vertical_mid,0.4375,0.38,0.5627397260273972,0.24348958333333337,0.24348958333333337,0.020833333333333336
4,B2,seen,__all__,vertical_mid,0.375,0.40476190476190477,0.5107246376811594,0.24934895833333326,0.24934895833333326,0.010416666666666666
4,B3,seen,__all__,vertical_mid,0.25,-0.11111111111111116,0.331002331002331,0.24934895833333326,0.30295138888888884,0.020833333333333332
4,P1,seen,__all__,vertical_mid,0.3958333333333333,-0.04347826086956519,0.5020712510356254,0.24934895833333326,0.2606336805555556,0.010416666666666666
4,B1,seen,harsh,__all__,0.6527777777777778,0.28494623655913986,0.6139303482587064,0.27961033950617287,0.27961033950617287,-0.020833333333333332
4,B2,seen,harsh,__all__,0.6388888888888888,0.36070381231671556,0.6040012702445221,0.2421875,0.2421875,-0.04166666666666667
4,B3,seen,harsh,__all__,0.4722222222222222,0.284965034965035,0.5296146044624747,0.2421875,0.2421875,-0.020833333333333332
4,P1,seen,harsh,__all__,0.5555555555555556,0.22911051212938005,0.5674418604651164,0.2421875,0.2451774691358024,-0.006944444444444444
4,B1,seen,harsh,central_furniture,0.625,0.11904761904761896,0.5555555555555556,0.2725694444444444,0.2725694444444444,0.0
4,B2,seen,harsh,central_furniture,0.6666666666666666,0.24025974025974028,0.5904628330995791,0.22829861111111116,0.22829861111111116,-0.020833333333333332
4,B3,seen,harsh,central_furniture,0.625,0.33333333333333337,0.6811201445347786,0.22829861111111116,0.22829861111111116,-0.020833333333333332
4,P1,seen,harsh,central_furniture,0.5833333333333334,0.19444444444444442,0.5952380952380952,0.22829861111111116,0.23263888888888895,0.0
4,B1,seen,harsh,clear,0.75,0.36,0.6266506602641055,0.2734375,0.2734375,-0.0625
4,B2,seen,harsh,clear,0.625,0.4180602006688964,0.5577918343875791,0.23177083333333337,0.23177083333333337,-0.10416666666666667
4,B3,seen,harsh,clear,0.5833333333333334,0.2857142857142857,0.5252525252525252,0.23177083333333337,0.23177083333333337,-0.04166666666666667
4,P1,seen,harsh,clear,0.5833333333333334,0.2857142857142857,0.5252525252525252,0.23177083333333337,0.23263888888888895,-0.04166666666666667
4,B1,seen,harsh,vertical_mid,0.5833333333333334,0.4375,0.6730769230769231,0.2421875,0.2421875,0.0
4,B2,seen,harsh,vertical_mid,0.625,0.4411764705882353,0.7035647279549719,0.23697916666666674,0.23697916666666674,0.0
4,B3,seen,harsh,vertical_mid,0.20833333333333334,0.0,0.32,0.23697916666666674,0.23697916666666674,0.0
4,P1,seen,harsh,vertical_mid,0.49999999999999994,-0.0714285714285714,0.6042105263157895,0.23697916666666674,0.24131944444444453,0.020833333333333332
4,B1,seen,standard,__all__,0.2361111111111111,0.7391304347826086,0.35789473684210527,0.24643132716049387,0.24643132716049387,0.027777777777777776
4,B2,seen,standard,__all__,0.09722222222222222,0.7,0.17073170731707318,0.2414158950617284,0.2414158950617284,0.013888888888888888
4,B3,seen,standard,__all__,0.1388888888888889,0.125,0.18750000000000003,0.2414158950617284,0.2414158950617284,0.013888888888888888
4,P1,seen,standard,__all__,0.18055555555555555,0.20000000000000007,0.2699040090344438,0.2414158950617284,0.22444058641975306,0.013888888888888888
4,B1,seen,standard,central_furniture,0.20833333333333334,0.7142857142857143,0.3225806451612903,0.2300347222222222,0.2300347222222222,0.020833333333333332
4,B2,seen,standard,central_furniture,0.08333333333333333,,0.14814814814814814,0.2534722222222222,0.2534722222222222,0.020833333333333332
4,B3,seen,standard,central_furniture,0.04166666666666667,-0.16666666666666663,0.05185185185185187,0.2534722222222222,0.2534722222222222,0.04166666666666667
4,P1,seen,standard,central_furniture,0.125,,0.20689655172413793,0.2534722222222222,0.2578125,0.041666666666666664
4,B1,seen,standard,clear,0.20833333333333334,0.7142857142857143,0.3225806451612903,0.25954861111111105,0.25954861111111105,0.020833333333333332
4,B2,seen,standard,clear,0.08333333333333333,0.6666666666666666,0.14814814814814814,0.29427083333333337,0.29427083333333337,0.0
4,B3,seen,standard,clear,0.08333333333333333,0.3333333333333333,0.13333333333333333,0.29427083333333337,0.29427083333333337,-0.041666666666666664
4,P1,seen,standard,clear,0.125,0.3333333333333333,0.1925925925925926,0.29427083333333337,0.29427083333333337,0.0
4,B1,seen,standard,vertical_mid,0.2916666666666667,,0.42424242424242425,0.24652777777777773,0.24652777777777773,0.041666666666666664
4,B2,seen,standard,vertical_mid,0.125,,0.21428571428571427,0.23437500000000006,0.23437500000000006,0.020833333333333332
4,B3,seen,standard,vertical_mid,0.2916666666666667,-0.16666666666666663,0.33333333333333337,0.23437500000000006,0.23437500000000006,0.041666666666666664
4,P1,seen,standard,vertical_mid,0.2916666666666667,0.0,0.39160839160839156,0.23437500000000006,0.19270833333333337,0.0
4,B1,unseen,__all__,__all__,0.37916666666666665,0.14535731648031114,0.4772519051057913,0.2301302083333333,0.2301302083333333,0.027083333333333334
4,B2,unseen,__all__,__all__,0.3625,0.27314814814814814,0.47934626436781613,0.21088541666666671,0.21088541666666671,0.010416666666666664
4,B3,unseen,__all__,__all__,0.3166666666666667,0.017707820954254827,0.40670724244211276,0.21088541666666671,0.25360243055555554,0.025
4,P1,unseen,__all__,__all__,0.3666666666666667,0.15654205607476634,0.48764923836969953,0.21088541666666671,0.21864583333333332,0.014583333333333332
4,B1,unseen,__all__,horizontal_new,0.5833333333333334,,0.691358024691358,0.21766493055555558,0.21766493055555558,0.052083333333333336
4,B2,unseen,__all__,horizontal_new,0.3958333333333333,,0.5428571428571428,0.21788194444444442,0.21788194444444442,0.03125
4,B3,unseen,__all__,horizontal_new,0.375,-0.19999999999999996,0.467945205479452,0.21788194444444442,0.255859375,0.052083333333333336
4,P1,unseen,__all__,horizontal_new,0.4583333333333333,,0.5866666666666667,0.21788194444444442,0.19596354166666663,0.052083333333333336
4,B1,unseen,__all__,low_new,0.4375,0.3214285714285714,0.5283400809716599,0.2578125,0.2578125,0.03125
4,B2,unseen,__all__,low_new,0.39583333333333337,0.34857142857142864,0.4846824408468244,0.2055121527777778,0.2055121527777778,-0.010416666666666668
4,B3,unseen,__all__,low_new,0.27083333333333337,0.09473684210526312,0.35651929034074914,0.2055121527777778,0.23914930555555558,0.010416666666666666
4,P1,unseen,__all__,low_new,0.3125,0.1071428571428571,0.4063545150501672,0.2055121527777778,0.2105034722222222,0.020833333333333336
4,B1,unseen,__all__,two_new,0.29166666666666663,0.0714285714285714,0.36553945249597425,0.22764756944444442,0.22764756944444442,0.010416666666666666
4,B2,unseen,__all__,two_new,0.3125,0.30000000000000004,0.41620421753607106,0.21267361111111105,0.21267361111111105,0.0
4,B3,unseen,__all__,two_new,0.2916666666666667,0.09999999999999998,0.3846153846153846,0.21267361111111105,0.2578125,0.020833333333333336
4,P1,unseen,__all__,two_new,0.375,0.2857142857142857,0.5012787723785166,0.21267361111111105,0.21701388888888884,0.0
4,B1,unseen,__all__,vertical_new,0.3333333333333333,,0.47761194029850745,0.20789930555555558,0.20789930555555558,0.03125
4,B2,unseen,__all__,vertical_new,0.3125,-0.05882352941176472,0.4514913657770801,0.2319878472222222,0.2319878472222222,0.010416666666666666
4,B3,unseen,__all__,vertical_new,0.2708333333333333,-0.1578947368421053,0.35996488147497807,0.2319878472222222,0.2782118055555556,0.03125
4,P1,unseen,__all__,vertical_new,0.2708333333333333,0.0,0.39619047619047615,0.2319878472222222,0.23936631944444442,0.0
4,B1,unseen,__all__,wide_new,0.25,0.13571428571428568,0.3181818181818182,0.23741319444444442,0.23741319444444442,0.010416666666666668
4,B2,unseen,__all__,wide_new,0.3958333333333333,0.20833333333333337,0.5049019607843137,0.208984375,0.208984375,0.020833333333333336
4,B3,unseen,__all__,wide_new,0.375,0.11666666666666659,0.4601677148846961,0.208984375,0.25412326388888895,0.010416666666666666
4,P1,unseen,__all__,wide_new,0.41666666666666663,0.2898550724637682,0.5412869373101352,0.208984375,0.2211371527777778,0.0
4,B1,unseen,harsh,__all__,0.55,0.2453371592539454,0.5970947459709475,0.26156250000000003,0.26156250000000003,-0.004166666666666666
4,B2,unseen,harsh,__all__,0.6416666666666666,0.32065217391304346,0.6736958934517203,0.2406597222222222,0.2406597222222222,-0.004166666666666669
4,B3,unseen,harsh,__all__,0.4333333333333333,0.30000000000000004,0.5515255694026644,0.2406597222222222,0.2406597222222222,-0.0125
4,P1,unseen,harsh,__all__,0.5166666666666666,0.2857142857142858,0.6186234817813765,0.2406597222222222,0.24406249999999996,-0.008333333333333335
4,B1,unseen,harsh,horizontal_new,0.7916666666666666,,0.8837209302325582,0.25954861111111105,0.25954861111111105,0.0
4,B2,unseen,harsh,horizontal_new,0.6666666666666666,,0.7804878048780488,0.24652777777777768,0.24652777777777768,0.020833333333333332
4,B3,unseen,harsh,horizontal_new,0.4583333333333333,,0.6285714285714286,0.24652777777777768,0.24652777777777768,0.0
4,P1,unseen,harsh,horizontal_new,0.625,,0.7692307692307693,0.24652777777777768,0.24652777777777768,0.0
4,B1,unseen,harsh,low_new,0.7083333333333333,0.40476190476190477,0.7015873015873015,0.26302083333333337,0.26302083333333337,0.0
4,B2,unseen,harsh,low_new,0.7083333333333334,0.3831168831168832,0.6549789621318373,0.2230902777777778,0.2230902777777778,-0.04166666666666667
4,B3,unseen,harsh,low_new,0.45833333333333337,0.25,0.5225563909774436,0.2230902777777778,0.2230902777777778,-0.020833333333333332
4,P1,unseen,harsh,low_new,0.5,0.1875,0.5357142857142857,0.2230902777777778,0.2230902777777778,0.0
4,B1,unseen,harsh,two_new,0.41666666666666663,0.16666666666666663,0.43589743589743596,0.24305555555555558,0.24305555555555558,-0.020833333333333332
4,B2,unseen,harsh,two_new,0.5833333333333334,0.34444444444444444,0.6026272577996716,0.23177083333333337,0.23177083333333337,-0.020833333333333332
4,B3,unseen,harsh,two_new,0.4166666666666667,0.33333333333333337,0.5185185185185185,0.23177083333333337,0.23177083333333337,-0.020833333333333332
4,P1,unseen,harsh,two_new,0.5416666666666666,0.33333333333333337,0.6210826210826211,0.23177083333333337,0.23177083333333337,-0.020833333333333332
4,B1,unseen,harsh,vertical_new,0.5,,0.6486486486486487,0.21875,0.21875,0.020833333333333332
4,B2,unseen,harsh,vertical_new,0.5416666666666667,-0.06666666666666665,0.637948717948718,0.2300347222222222,0.2300347222222222,0.020833333333333332
4,B3,unseen,harsh,vertical_new,0.25,,0.4,0.2300347222222222,0.2300347222222222,0.0
4,P1,unseen,harsh,vertical_new,0.2916666666666667,,0.45161290322580644,0.2300347222222222,0.24479166666666663,0.0
4,B1,unseen,harsh,wide_new,0.33333333333333326,0.2142857142857143,0.3616298811544992,0.265625,0.265625,-0.020833333333333332
4,B2,unseen,harsh,wide_new,0.7083333333333333,0.2833333333333333,0.7154882154882155,0.234375,0.234375,0.0
4,B3,unseen,harsh,wide_new,0.5833333333333333,0.33333333333333337,0.6518518518518519,0.234375,0.234375,-0.020833333333333332
4,P1,unseen,harsh,wide_new,0.625,0.33333333333333337,0.6811201445347786,0.234375,0.23958333333333337,-0.020833333333333332
4,B1,unseen,standard,__all__,0.20833333333333334,,0.31446540880503143,0.15812500000000007,0.15812500000000007,0.058333333333333334
4,B2,unseen,standard,__all__,0.08333333333333333,,0.14705882352941177,0.16416666666666663,0.16416666666666663,0.025
4,B3,unseen,standard,__all__,0.2,-0.3125,0.25332225913621265,0.16416666666666663,0.16416666666666663,0.0625
4,P1,unseen,standard,__all__,0.21666666666666667,-0.2432432432432432,0.32390101284327033,0.16416666666666663,0.13899305555555552,0.0375
4,B1,unseen,standard,horizontal_new,0.375,,0.47368421052631576,0.12326388888888884,0.12326388888888884,0.10416666666666667
4,B2,unseen,standard,horizontal_new,0.125,,0.20689655172413793,0.15711805555555558,0.15711805555555558,0.041666666666666664
4,B3,unseen,standard,horizontal_new,0.2916666666666667,-0.3571428571428571,0.3198380566801619,0.15711805555555558,0.15711805555555558,0.10416666666666667
4,P1,unseen,standard,horizontal_new,0.2916666666666667,,0.3888888888888889,0.15711805555555558,0.09982638888888884,0.10416666666666667
4,B1,unseen,standard,low_new,0.16666666666666666,,0.25806451612903225,0.17274305555555558,0.17274305555555558,0.0625
4,B2,unseen,standard,low_new,0.08333333333333333,,0.14814814814814814,0.17881944444444442,0.17881944444444442,0.020833333333333332
4,B3,unseen,standard,low_new,0.08333333333333334,-0.4,0.12689655172413794,0.17881944444444442,0.17881944444444442,0.041666666666666664
4,P1,unseen,standard,low_new,0.125,,0.20689655172413793,0.17881944444444442,0.16145833333333331,0.041666666666666664
4,B1,unseen,standard,two_new,0.16666666666666666,,0.26666666666666666,0.13802083333333337,0.13802083333333337,0.041666666666666664
4,B2,unseen,standard,two_new,0.041666666666666664,,0.07692307692307693,0.19878472222222227,0.19878472222222227,0.020833333333333332
4,B3,unseen,standard,two_new,0.16666666666666669,-0.375,0.23249999999999998,0.19878472222222227,0.19878472222222227,0.0625
4,P1,unseen,standard,two_new,0.20833333333333334,,0.3333333333333333,0.19878472222222227,0.1545138888888889,0.020833333333333332
4,B1,unseen,standard,vertical_new,0.16666666666666666,,0.26666666666666666,0.19010416666666669,0.19010416666666669,0.041666666666666664
4,B2,unseen,standard,vertical_new,0.08333333333333333,,0.15384615384615385,0.1779513888888889,0.1779513888888889,0.0
4,B3,unseen,standard,vertical_new,0.2916666666666667,-0.23076923076923073,0.31831831831831836,0.1779513888888889,0.1779513888888889,0.0625
4,P1,unseen,standard,vertical_new,0.25,0.0,0.34615384615384615,0.1779513888888889,0.12586805555555558,0.0
4,B1,unseen,standard,wide_new,0.16666666666666666,,0.26666666666666666,0.1684027777777778,0.1684027777777778,0.041666666666666664
4,B2,unseen,standard,wide_new,0.08333333333333333,,0.14285714285714285,0.18836805555555552,0.18836805555555552,0.041666666666666664
4,B3,unseen,standard,wide_new,0.16666666666666669,-0.25,0.22115384615384615,0.18836805555555552,0.18836805555555552,0.041666666666666664
4,P1,unseen,standard,wide_new,0.20833333333333334,,0.3333333333333333,0.18836805555555552,0.1753472222222222,0.020833333333333332
