seed,method,scope,facility,geometry,n,tp,fp,fn,tn,recall,precision,f1,false_positive_rate,auroc,margin_auroc
0,B1,train,__all__,__all__,160,40,11,39,70,0.5063291139240507,0.7843137254901961,0.6153846153846154,0.13580246913580246,0.7990310986091577,0.7990310986091577
0,B1,calibration,__all__,__all__,480,97,140,71,172,0.5773809523809523,0.4092827004219409,0.47901234567901235,0.44871794871794873,0.5708180708180708,0.5708180708180708
0,B1,calibration,__all__,clear,160,24,37,32,67,0.42857142857142855,0.39344262295081966,0.41025641025641024,0.3557692307692308,0.5707417582417582,0.5707417582417582
0,B1,calibration,standard,__all__,240,45,52,30,113,0.6,0.4639175257731959,0.5232558139534884,0.3151515151515151,0.6782222222222222,0.6782222222222222
0,B1,calibration,standard,clear,80,9,11,16,44,0.36,0.45,0.4,0.2,0.6901818181818182,0.6901818181818182
0,B1,calibration,harsh,__all__,240,52,88,41,59,0.5591397849462365,0.37142857142857144,0.44635193133047213,0.5986394557823129,0.4755321483432082,0.4755321483432082
0,B1,calibration,harsh,clear,80,15,26,16,23,0.4838709677419355,0.36585365853658536,0.4166666666666667,0.5306122448979592,0.4628044766293614,0.4628044766293614
0,B1,test,__all__,__all__,1280,235,364,277,404,0.458984375,0.39232053422370616,0.42304230423042305,0.4739583333333333,0.5002543131510416,0.5002543131510416
0,B1,test,__all__,clear,160,21,30,43,66,0.328125,0.4117647058823529,0.3652173913043478,0.3125,0.4931640625,0.4931640625
0,B1,test,standard,__all__,640,98,190,198,154,0.3310810810810811,0.3402777777777778,0.3356164383561644,0.5523255813953488,0.3577545568824639,0.3577545568824639
0,B1,test,standard,clear,80,4,18,33,25,0.10810810810810811,0.18181818181818182,0.13559322033898305,0.4186046511627907,0.3463230672532998,0.3463230672532998
0,B1,test,harsh,__all__,640,137,174,79,250,0.6342592592592593,0.4405144694533762,0.5199240986717267,0.41037735849056606,0.6391400244584207,0.6391400244584207
0,B1,test,harsh,clear,80,17,12,10,41,0.6296296296296297,0.5862068965517241,0.6071428571428571,0.22641509433962265,0.649895178197065,0.649895178197065
0,B2,train,__all__,__all__,160,30,10,49,71,0.379746835443038,0.75,0.5042016806722689,0.12345679012345678,0.7541803406782309,0.7541803406782309
0,B2,calibration,__all__,__all__,480,37,65,131,247,0.22023809523809523,0.3627450980392157,0.2740740740740741,0.20833333333333334,0.5352945665445665,0.5352945665445665
0,B2,calibration,__all__,clear,160,4,11,52,93,0.07142857142857142,0.26666666666666666,0.11267605633802817,0.10576923076923077,0.5341689560439561,0.5341689560439561
0,B2,calibration,standard,__all__,240,21,16,54,149,0.28,0.5675675675675675,0.375,0.09696969696969697,0.6938989898989899,0.6938989898989899
0,B2,calibration,standard,clear,80,1,3,24,52,0.04,0.25,0.06896551724137931,0.05454545454545454,0.7010909090909091,0.7010909090909091
0,B2,calibration,harsh,__all__,240,16,49,77,98,0.17204301075268819,0.24615384615384617,0.20253164556962025,0.3333333333333333,0.42271962548460246,0.42271962548460246
0,B2,calibration,harsh,clear,80,3,8,28,41,0.0967741935483871,0.2727272727272727,0.14285714285714285,0.16326530612244897,0.40355497037524685,0.40355497037524685
0,B2,test,__all__,__all__,1280,162,224,350,544,0.31640625,0.41968911917098445,0.36080178173719374,0.2916666666666667,0.5234247843424479,0.5234247843424479
0,B2,test,__all__,clear,160,6,8,58,88,0.09375,0.42857142857142855,0.15384615384615385,0.08333333333333333,0.5052083333333334,0.5052083333333334
0,B2,test,standard,__all__,640,52,116,244,228,0.17567567567567569,0.30952380952380953,0.22413793103448276,0.3372093023255814,0.3907919547454431,0.3907919547454431
0,B2,test,standard,clear,80,0,6,37,37,0.0,0.0,0.0,0.13953488372093023,0.3626649905719673,0.3626649905719673
0,B2,test,harsh,__all__,640,110,108,106,316,0.5092592592592593,0.5045871559633027,0.5069124423963134,0.25471698113207547,0.6519697763801537,0.6519697763801537
0,B2,test,harsh,clear,80,6,2,21,51,0.2222222222222222,0.75,0.34285714285714286,0.03773584905660377,0.6512928022361985,0.6512928022361985
1,B1,train,__all__,__all__,160,79,66,0,15,1.0,0.5448275862068965,0.7053571428571429,0.8148148148148148,0.8046569776527582,0.8046569776527582
1,B1,calibration,__all__,__all__,480,168,310,0,2,1.0,0.3514644351464435,0.5201238390092879,0.9935897435897436,0.6016292735042735,0.6016292735042735
1,B1,calibration,__all__,clear,160,56,103,0,1,1.0,0.3522012578616352,0.5209302325581395,0.9903846153846154,0.6241414835164835,0.6241414835164835
1,B1,calibration,standard,__all__,240,75,165,0,0,1.0,0.3125,0.47619047619047616,1.0,0.6826666666666666,0.6826666666666666
1,B1,calibration,standard,clear,80,25,55,0,0,1.0,0.3125,0.47619047619047616,1.0,0.7323636363636363,0.7323636363636363
1,B1,calibration,harsh,__all__,240,93,145,0,2,1.0,0.3907563025210084,0.5619335347432024,0.9863945578231292,0.5527759490893132,0.5527759490893132
1,B1,calibration,harsh,clear,80,31,48,0,1,1.0,0.3924050632911392,0.5636363636363636,0.9795918367346939,0.5523370638578012,0.5523370638578012
1,B1,test,__all__,__all__,1280,491,737,21,31,0.958984375,0.3998371335504886,0.5643678160919541,0.9596354166666666,0.48007965087890625,0.48007965087890625
1,B1,test,__all__,clear,160,58,89,6,7,0.90625,0.3945578231292517,0.5497630331753555,0.9270833333333334,0.4908854166666667,0.4908854166666667
1,B1,test,standard,__all__,640,295,344,1,0,0.9966216216216216,0.4616588419405321,0.6310160427807486,1.0,0.31938442803268385,0.31938442803268385
1,B1,test,standard,clear,80,36,43,1,0,0.972972972972973,0.45569620253164556,0.6206896551724138,1.0,0.3262099308610937,0.3262099308610937
1,B1,test,harsh,__all__,640,196,393,20,31,0.9074074074074074,0.33276740237691,0.48695652173913045,0.9268867924528302,0.6133167365478687,0.6133167365478687
1,B1,test,harsh,clear,80,22,46,5,7,0.8148148148148148,0.3235294117647059,0.4631578947368421,0.8679245283018868,0.6219426974143956,0.6219426974143956
1,B2,train,__all__,__all__,160,79,66,0,15,1.0,0.5448275862068965,0.7053571428571429,0.8148148148148148,0.8266916705735271,0.8266916705735271
1,B2,calibration,__all__,__all__,480,167,305,1,7,0.9940476190476191,0.3538135593220339,0.521875,0.9775641025641025,0.5816735347985348,0.5816735347985348
1,B2,calibration,__all__,clear,160,56,104,0,0,1.0,0.35,0.5185185185185185,1.0,0.5841346153846154,0.5841346153846154
1,B2,calibration,standard,__all__,240,75,162,0,3,1.0,0.31645569620253167,0.4807692307692308,0.9818181818181818,0.6264242424242424,0.6264242424242424
1,B2,calibration,standard,clear,80,25,55,0,0,1.0,0.3125,0.47619047619047616,1.0,0.6654545454545454,0.6654545454545454
1,B2,calibration,harsh,__all__,240,92,143,1,4,0.989247311827957,0.39148936170212767,0.5609756097560976,0.9727891156462585,0.5192743764172335,0.5192743764172335
1,B2,calibration,harsh,clear,80,31,49,0,0,1.0,0.3875,0.5585585585585585,1.0,0.5088874259381172,0.5088874259381172
1,B2,test,__all__,__all__,1280,479,737,33,31,0.935546875,0.3939144736842105,0.5543981481481481,0.9596354166666666,0.46231842041015625,0.46231842041015625
1,B2,test,__all__,clear,160,61,94,3,2,0.953125,0.3935483870967742,0.5570776255707762,0.9791666666666666,0.4524739583333333,0.4524739583333333
1,B2,test,standard,__all__,640,280,339,16,5,0.9459459459459459,0.45234248788368336,0.6120218579234973,0.9854651162790697,0.33020702388434947,0.33020702388434947
1,B2,test,standard,clear,80,36,43,1,0,0.972972972972973,0.45569620253164556,0.6206896551724138,1.0,0.32935260842237585,0.32935260842237585
1,B2,test,harsh,__all__,640,199,398,17,26,0.9212962962962963,0.3333333333333333,0.48954489544895446,0.9386792452830188,0.6487377707896576,0.6487377707896576
1,B2,test,harsh,clear,80,25,51,2,2,0.9259259259259259,0.32894736842105265,0.4854368932038835,0.9622641509433962,0.6324248777078966,0.6324248777078966
2,B1,train,__all__,__all__,160,52,16,27,65,0.6582278481012658,0.7647058823529411,0.7074829931972789,0.19753086419753085,0.7780903266135334,0.7780903266135334
2,B1,calibration,__all__,__all__,480,103,167,65,145,0.6130952380952381,0.3814814814814815,0.4703196347031963,0.5352564102564102,0.5537812881562881,0.5537812881562881
2,B1,calibration,__all__,clear,160,29,39,27,65,0.5178571428571429,0.4264705882352941,0.46774193548387094,0.375,0.5868818681318682,0.5868818681318682
2,B1,calibration,standard,__all__,240,65,90,10,75,0.8666666666666667,0.41935483870967744,0.5652173913043478,0.5454545454545454,0.6914747474747475,0.6914747474747475
2,B1,calibration,standard,clear,80,20,20,5,35,0.8,0.5,0.6153846153846154,0.36363636363636365,0.7338181818181818,0.7338181818181818
2,B1,calibration,harsh,__all__,240,38,77,55,70,0.40860215053763443,0.33043478260869563,0.36538461538461536,0.5238095238095238,0.45936654231585106,0.45936654231585106
2,B1,calibration,harsh,clear,80,9,19,22,30,0.2903225806451613,0.32142857142857145,0.3050847457627119,0.3877551020408163,0.49045424621461486,0.49045424621461486
2,B1,test,__all__,__all__,1280,292,442,220,326,0.5703125,0.3978201634877384,0.46869983948635635,0.5755208333333334,0.509063720703125,0.509063720703125
2,B1,test,__all__,clear,160,18,32,46,64,0.28125,0.36,0.3157894736842105,0.3333333333333333,0.5172526041666666,0.5172526041666666
2,B1,test,standard,__all__,640,157,238,139,106,0.5304054054054054,0.39746835443037976,0.4544138929088278,0.6918604651162791,0.37011902891263354,0.37011902891263354
2,B1,test,standard,clear,80,7,19,30,24,0.1891891891891892,0.2692307692307692,0.2222222222222222,0.4418604651162791,0.3312382149591452,0.3312382149591452
2,B1,test,harsh,__all__,640,135,204,81,220,0.625,0.39823008849557523,0.4864864864864865,0.4811320754716981,0.6024633123689728,0.6024633123689728
2,B1,test,harsh,clear,80,11,13,16,40,0.4074074074074074,0.4583333333333333,0.43137254901960786,0.24528301886792453,0.6380153738644304,0.6380153738644304
2,B2,train,__all__,__all__,160,78,69,1,12,0.9873417721518988,0.5306122448979592,0.6902654867256637,0.8518518518518519,0.750429754649164,0.750429754649164
2,B2,calibration,__all__,__all__,480,151,300,17,12,0.8988095238095238,0.3348115299334812,0.4878836833602585,0.9615384615384616,0.4800442612942613,0.4800442612942613
2,B2,calibration,__all__,clear,160,52,102,4,2,0.9285714285714286,0.33766233766233766,0.49523809523809526,0.9807692307692307,0.46720467032967034,0.46720467032967034
2,B2,calibration,standard,__all__,240,75,163,0,2,1.0,0.31512605042016806,0.4792332268370607,0.9878787878787879,0.6888888888888889,0.6888888888888889
2,B2,calibration,standard,clear,80,25,55,0,0,1.0,0.3125,0.47619047619047616,1.0,0.7163636363636363,0.7163636363636363
2,B2,calibration,harsh,__all__,240,76,137,17,10,0.8172043010752689,0.3568075117370892,0.49673202614379086,0.9319727891156463,0.36493307000219444,0.36493307000219444
2,B2,calibration,harsh,clear,80,27,47,4,2,0.8709677419354839,0.36486486486486486,0.5142857142857142,0.9591836734693877,0.3535220539828835,0.3535220539828835
2,B2,test,__all__,__all__,1280,459,654,53,114,0.896484375,0.4123989218328841,0.564923076923077,0.8515625,0.5382766723632812,0.5382766723632812
2,B2,test,__all__,clear,160,58,83,6,13,0.90625,0.41134751773049644,0.5658536585365853,0.8645833333333334,0.5442708333333334,0.5442708333333334
2,B2,test,standard,__all__,640,258,295,38,49,0.8716216216216216,0.4665461121157324,0.607773851590106,0.8575581395348837,0.4402203802639849,0.4402203802639849
2,B2,test,standard,clear,80,33,36,4,7,0.8918918918918919,0.4782608695652174,0.6226415094339622,0.8372093023255814,0.4556882463859208,0.4556882463859208
2,B2,test,harsh,__all__,640,201,359,15,65,0.9305555555555556,0.35892857142857143,0.5180412371134021,0.8466981132075472,0.6451781970649895,0.6451781970649895
2,B2,test,harsh,clear,80,25,47,2,6,0.9259259259259259,0.3472222222222222,0.5050505050505051,0.8867924528301887,0.6408106219426974,0.6408106219426974
3,B1,train,__all__,__all__,160,61,19,18,62,0.7721518987341772,0.7625,0.7672955974842768,0.2345679012345679,0.8456008751367401,0.8456008751367401
3,B1,calibration,__all__,__all__,480,124,226,44,86,0.7380952380952381,0.35428571428571426,0.47876447876447875,0.7243589743589743,0.5329097985347986,0.5329097985347986
3,B1,calibration,__all__,clear,160,39,70,17,34,0.6964285714285714,0.3577981651376147,0.4727272727272727,0.6730769230769231,0.570054945054945,0.570054945054945
3,B1,calibration,standard,__all__,240,75,136,0,29,1.0,0.35545023696682465,0.5244755244755245,0.8242424242424242,0.637090909090909,0.637090909090909
3,B1,calibration,standard,clear,80,25,43,0,12,1.0,0.36764705882352944,0.5376344086021505,0.7818181818181819,0.7149090909090909,0.7149090909090909
3,B1,calibration,harsh,__all__,240,49,90,44,57,0.5268817204301075,0.35251798561151076,0.4224137931034483,0.6122448979591837,0.4685831321776022,0.4685831321776022
3,B1,calibration,harsh,clear,80,14,27,17,22,0.45161290322580644,0.34146341463414637,0.3888888888888889,0.5510204081632653,0.48452929558920343,0.48452929558920343
3,B1,test,__all__,__all__,1280,354,508,158,260,0.69140625,0.41067285382830626,0.5152838427947598,0.6614583333333334,0.4954020182291667,0.4954020182291667
3,B1,test,__all__,clear,160,34,50,30,46,0.53125,0.40476190476190477,0.4594594594594595,0.5208333333333334,0.5022786458333334,0.5022786458333334
3,B1,test,standard,__all__,640,220,273,76,71,0.7432432432432432,0.4462474645030426,0.5576679340937896,0.7936046511627907,0.37893816781898176,0.37893816781898176
3,B1,test,standard,clear,80,21,29,16,14,0.5675675675675675,0.42,0.4827586206896552,0.6744186046511628,0.3727215587680704,0.3727215587680704
3,B1,test,harsh,__all__,640,134,235,82,189,0.6203703703703703,0.36314363143631434,0.4581196581196581,0.5542452830188679,0.5517994409503844,0.5517994409503844
3,B1,test,harsh,clear,80,13,21,14,32,0.48148148148148145,0.38235294117647056,0.4262295081967213,0.39622641509433965,0.5849056603773585,0.5849056603773585
3,B2,train,__all__,__all__,160,58,17,21,64,0.7341772151898734,0.7733333333333333,0.7532467532467533,0.20987654320987653,0.8271604938271605,0.8271604938271605
3,B2,calibration,__all__,__all__,480,95,140,73,172,0.5654761904761905,0.40425531914893614,0.47146401985111663,0.44871794871794873,0.5760645604395604,0.5760645604395604
3,B2,calibration,__all__,clear,160,29,32,27,72,0.5178571428571429,0.47540983606557374,0.49572649572649574,0.3076923076923077,0.6328983516483516,0.6328983516483516
3,B2,calibration,standard,__all__,240,55,74,20,91,0.7333333333333333,0.4263565891472868,0.5392156862745098,0.4484848484848485,0.676040404040404,0.676040404040404
3,B2,calibration,standard,clear,80,17,14,8,41,0.68,0.5483870967741935,0.6071428571428571,0.2545454545454545,0.7752727272727272,0.7752727272727272
3,B2,calibration,harsh,__all__,240,40,66,53,81,0.43010752688172044,0.37735849056603776,0.4020100502512563,0.4489795918367347,0.4973301148416356,0.4973301148416356
3,B2,calibration,harsh,clear,80,12,18,19,31,0.3870967741935484,0.4,0.39344262295081966,0.3673469387755102,0.5260039499670837,0.5260039499670837
3,B2,test,__all__,__all__,1280,295,389,217,379,0.576171875,0.43128654970760233,0.49331103678929766,0.5065104166666666,0.5247446695963541,0.5247446695963541
3,B2,test,__all__,clear,160,25,35,39,61,0.390625,0.4166666666666667,0.4032258064516129,0.3645833333333333,0.53759765625,0.53759765625
3,B2,test,standard,__all__,640,165,226,131,118,0.5574324324324325,0.4219948849104859,0.48034934497816595,0.6569767441860465,0.38718769641734757,0.38718769641734757
3,B2,test,standard,clear,80,13,23,24,20,0.35135135135135137,0.3611111111111111,0.3561643835616438,0.5348837209302325,0.39220615964802014,0.39220615964802014
3,B2,test,harsh,__all__,640,130,163,86,261,0.6018518518518519,0.44368600682593856,0.5108055009823183,0.38443396226415094,0.620348532494759,0.620348532494759
3,B2,test,harsh,clear,80,12,12,15,41,0.4444444444444444,0.5,0.47058823529411764,0.22641509433962265,0.6324248777078966,0.6324248777078966
4,B1,train,__all__,__all__,160,51,25,28,56,0.6455696202531646,0.6710526315789473,0.6580645161290323,0.30864197530864196,0.719331145491483,0.719331145491483
4,B1,calibration,__all__,__all__,480,120,228,48,84,0.7142857142857143,0.3448275862068966,0.46511627906976744,0.7307692307692307,0.5358669108669109,0.5358669108669109
4,B1,calibration,__all__,clear,160,37,59,19,45,0.6607142857142857,0.3854166666666667,0.4868421052631579,0.5673076923076923,0.532967032967033,0.532967032967033
4,B1,calibration,standard,__all__,240,68,123,7,42,0.9066666666666666,0.35602094240837695,0.5112781954887218,0.7454545454545455,0.6964040404040404,0.6964040404040404
4,B1,calibration,standard,clear,80,21,29,4,26,0.84,0.42,0.56,0.5272727272727272,0.6749090909090909,0.6749090909090909
4,B1,calibration,harsh,__all__,240,52,105,41,42,0.5591397849462365,0.33121019108280253,0.416,0.7142857142857143,0.4393972642820569,0.4393972642820569
4,B1,calibration,harsh,clear,80,16,30,15,19,0.5161290322580645,0.34782608695652173,0.4155844155844156,0.6122448979591837,0.44634628044766295,0.44634628044766295
4,B1,test,__all__,__all__,1280,330,464,182,304,0.64453125,0.4156171284634761,0.5053598774885145,0.6041666666666666,0.5212631225585938,0.5212631225585938
4,B1,test,__all__,clear,160,24,37,40,59,0.375,0.39344262295081966,0.384,0.3854166666666667,0.5179036458333334,0.5179036458333334
4,B1,test,standard,__all__,640,163,227,133,117,0.5506756756756757,0.41794871794871796,0.4752186588921283,0.6598837209302325,0.3856261785040855,0.3856261785040855
4,B1,test,standard,clear,80,7,19,30,24,0.1891891891891892,0.2692307692307692,0.2222222222222222,0.4418604651162791,0.3538654934003771,0.3538654934003771
4,B1,test,harsh,__all__,640,167,237,49,187,0.7731481481481481,0.41336633663366334,0.5387096774193548,0.5589622641509434,0.6415421907756813,0.6415421907756813
4,B1,test,harsh,clear,80,17,18,10,35,0.6296296296296297,0.4857142857142857,0.5483870967741935,0.33962264150943394,0.6575821104122991,0.6575821104122991
4,B2,train,__all__,__all__,160,59,34,20,47,0.7468354430379747,0.6344086021505376,0.686046511627907,0.41975308641975306,0.7146429129551493,0.7146429129551493
4,B2,calibration,__all__,__all__,480,115,193,53,119,0.6845238095238095,0.37337662337662336,0.4831932773109244,0.6185897435897436,0.5467414529914529,0.5467414529914529
4,B2,calibration,__all__,clear,160,32,41,24,63,0.5714285714285714,0.4383561643835616,0.49612403100775193,0.3942307692307692,0.5439560439560439,0.5439560439560439
4,B2,calibration,standard,__all__,240,64,101,11,64,0.8533333333333334,0.3878787878787879,0.5333333333333333,0.6121212121212121,0.6747474747474748,0.6747474747474748
4,B2,calibration,standard,clear,80,18,18,7,37,0.72,0.5,0.5901639344262295,0.32727272727272727,0.6712727272727272,0.6712727272727272
4,B2,calibration,harsh,__all__,240,51,92,42,55,0.5483870967741935,0.35664335664335667,0.4322033898305085,0.6258503401360545,0.4632433618608734,0.4632433618608734
4,B2,calibration,harsh,clear,80,14,23,17,26,0.45161290322580644,0.3783783783783784,0.4117647058823529,0.46938775510204084,0.4621461487820935,0.4621461487820935
4,B2,test,__all__,__all__,1280,301,445,211,323,0.587890625,0.403485254691689,0.4785373608903021,0.5794270833333334,0.5144271850585938,0.5144271850585938
4,B2,test,__all__,clear,160,21,36,43,60,0.328125,0.3684210526315789,0.34710743801652894,0.375,0.5143229166666666,0.5143229166666666
4,B2,test,standard,__all__,640,146,221,150,123,0.49324324324324326,0.3978201634877384,0.44042232277526394,0.6424418604651163,0.375009820867379,0.375009820867379
4,B2,test,standard,clear,80,5,19,32,24,0.13513513513513514,0.20833333333333334,0.16393442622950818,0.4418604651162791,0.34129478315524825,0.34129478315524825
4,B2,test,harsh,__all__,640,155,224,61,200,0.7175925925925926,0.40897097625329815,0.5210084033613446,0.5283018867924528,0.6409962438853948,0.6409962438853948
4,B2,test,harsh,clear,80,16,17,11,36,0.5925925925925926,0.48484848484848486,0.5333333333333333,0.32075471698113206,0.6666666666666666,0.6666666666666666
