method,scope,facility,geometry,n_seeds,recall_n_defined,recall_mean,recall_std,precision_n_defined,precision_mean,precision_std,f1_n_defined,f1_mean,f1_std,auroc_n_defined,auroc_mean,auroc_std,margin_auroc_n_defined,margin_auroc_mean,margin_auroc_std,false_positive_rate_n_defined,false_positive_rate_mean,false_positive_rate_std
B1,all,__all__,__all__,5,5,0.08671875,0.03552325795121768,5,0.40068413068413067,0.0751163399803127,5,0.13853967443947057,0.044532702303837386,5,0.5012125651041666,0.015369989133997381,5,0.5012125651041666,0.015369989133997381,5,0.09244791666666666,0.049607495316533176
B1,seen,__all__,__all__,5,5,0.06354166666666666,0.03133668532602359,5,0.3761486516803517,0.0942694385754473,5,0.10645329325416208,0.04503598645786889,5,0.5043728298611111,0.015551418152844441,5,0.5043728298611111,0.015551418152844441,5,0.07152777777777777,0.0344258182165151
B1,seen,__all__,central_furniture,5,5,0.075,0.030055287596361478,5,0.3962540383593015,0.09856222852940588,5,0.12450238741838016,0.04286426942237628,5,0.51318359375,0.013775628605919481,5,0.51318359375,0.013775628605919481,5,0.07708333333333332,0.028144283512721448
B1,seen,__all__,clear,5,5,0.0375,0.03240068961457457,5,0.26055555555555554,0.19027676398756693,5,0.0643840223694869,0.053475608764601994,5,0.5042968750000001,0.012853745645792745,5,0.5042968750000001,0.012853745645792745,5,0.05625,0.03343084694975253
B1,seen,__all__,vertical_mid,5,5,0.078125,0.036643873123620545,5,0.4032913945957424,0.09746853322128005,5,0.12750983142767255,0.04820222331482016,5,0.50615234375,0.02705874182468445,5,0.50615234375,0.02705874182468445,5,0.08125,0.04320091948609942
B1,seen,harsh,__all__,5,5,0.12592592592592594,0.05045139936222852,5,0.5989377289377289,0.10295422273366381,5,0.20511301800274645,0.0673133317847689,5,0.6192406242720707,0.03485735180092776,5,0.6192406242720707,0.03485735180092776,5,0.04276729559748428,0.017452121918882527
B1,seen,harsh,central_furniture,5,5,0.14814814814814814,0.045360921162651446,5,0.6357142857142857,0.12128843454238124,5,0.2376401587027773,0.06100975180148333,5,0.6310272536687631,0.026444287810516436,5,0.6310272536687631,0.026444287810516436,5,0.04528301886792453,0.021512743869795056
B1,seen,harsh,clear,5,5,0.07407407407407407,0.05856069741052554,5,0.46428571428571425,0.30281184147564055,5,0.12576850094876663,0.09481289866731397,5,0.6304682040531098,0.02880173894167332,5,0.6304682040531098,0.02880173894167332,5,0.033962264150943396,0.01578603823649199
B1,seen,harsh,vertical_mid,5,5,0.15555555555555559,0.06085806194501845,5,0.6233333333333333,0.0401386485959743,5,0.24376456876456878,0.07001480576654268,5,0.5886792452830188,0.06820061624269588,5,0.5886792452830188,0.06820061624269588,5,0.0490566037735849,0.02531397710377121
B1,seen,standard,__all__,5,5,0.018018018018018018,0.019110994086122903,5,0.1160617059891107,0.11158591531779723,5,0.030239172592113766,0.030781667620643806,5,0.36466233675536,0.02607749626158638,5,0.36466233675536,0.02607749626158638,5,0.10697674418604652,0.06632325468591453
B1,seen,standard,central_furniture,5,5,0.021621621621621623,0.022612433149569608,5,0.13523809523809524,0.14148547836993436,5,0.036112185686653774,0.03636193872328479,5,0.35260842237586426,0.025383809561670224,5,0.35260842237586426,0.025383809561670224,5,0.11627906976744187,0.06577737499409744
B1,seen,standard,clear,5,5,0.010810810810810811,0.01480331236500449,4,,,5,0.018412698412698415,0.025237596081716558,5,0.34607165304839727,0.01861144490088924,5,0.34607165304839727,0.01861144490088924,5,0.08372093023255814,0.06283374923770371
B1,seen,standard,vertical_mid,5,5,0.021621621621621623,0.022612433149569608,5,0.13160173160173158,0.13962632883272377,5,0.03575757575757575,0.035768488319433966,5,0.38529226901319924,0.04486880778774291,5,0.38529226901319924,0.04486880778774291,5,0.12093023255813953,0.07242982094138344
B1,unseen,__all__,__all__,5,5,0.10062499999999999,0.0473104771694389,5,0.40512447357256676,0.08413431239528349,5,0.15539980611523005,0.05735297189246476,5,0.4994166666666667,0.015148409603784645,5,0.4994166666666667,0.015148409603784645,5,0.10500000000000001,0.05952284225404564
B1,unseen,__all__,horizontal_new,5,5,0.0875,0.07702348464916398,5,0.3375824175824176,0.11268532883807887,5,0.13063152218081794,0.09283403856112436,5,0.4639973958333333,0.0429563253915787,5,0.4639973958333333,0.0429563253915787,5,0.10625,0.06686169389950505
B1,unseen,__all__,low_new,5,5,0.0875,0.03921843874378479,5,0.3935243841126194,0.09984997040301254,5,0.13920731594367738,0.048124456431832816,5,0.5142903645833333,0.013233933278408237,5,0.5142903645833333,0.013233933278408237,5,0.09583333333333333,0.0501733107449679
B1,unseen,__all__,two_new,5,5,0.140625,0.08486547258750168,5,0.4484859584859585,0.10552308704192728,5,0.20129837670140485,0.09309640354828581,5,0.5197265625,0.015021384502003882,5,0.5197265625,0.015021384502003882,5,0.125,0.08808090898587377
B1,unseen,__all__,vertical_new,5,5,0.08125,0.043357615392223776,5,0.39391941391941393,0.07680594605694796,5,0.13016312737306884,0.05497969762813984,5,0.5017578125,0.03150379121762941,5,0.5017578125,0.03150379121762941,5,0.08750000000000001,0.048074919830059695
B1,unseen,__all__,wide_new,5,5,0.10625,0.05344572305152209,5,0.4087455197132616,0.08703317884141534,5,0.1613311231729449,0.062293195785183254,5,0.51845703125,0.016463198043453742,5,0.51845703125,0.016463198043453742,5,0.11041666666666668,0.06972166887783963
B1,unseen,harsh,__all__,5,5,0.21037037037037037,0.10548730737136533,5,0.5662102603279073,0.04347671606763679,5,0.2935611747521181,0.10668817297275243,5,0.6076813417190776,0.040699826628217466,5,0.6076813417190776,0.040699826628217466,5,0.08452830188679245,0.04755315925139129
B1,unseen,harsh,horizontal_new,5,5,0.2074074074074074,0.18257418583505536,5,0.5037037037037038,0.07119401032126327,5,0.2641058016058016,0.15701571520878985,5,0.5355695317959469,0.0724638076076323,5,0.5355695317959469,0.0724638076076323,5,0.1018867924528302,0.0850104175552363
B1,unseen,harsh,low_new,5,5,0.17777777777777776,0.07124216319137534,5,0.5764102564102564,0.07399113261369185,5,0.2657531882531883,0.0807664765426286,5,0.6360587002096436,0.02814139516237778,5,0.6360587002096436,0.02814139516237778,5,0.06792452830188679,0.028614624317175666
B1,unseen,harsh,two_new,5,5,0.2814814814814815,0.16687230112694532,5,0.5926060606060606,0.06537087806360138,5,0.3524677496821954,0.14098803273892632,5,0.6354996505939903,0.024296157369625527,5,0.6354996505939903,0.024296157369625527,5,0.10943396226415095,0.08267510301964774
B1,unseen,harsh,vertical_new,5,5,0.16296296296296298,0.08114408259335792,5,0.5880769230769232,0.050375806628689575,5,0.2485064935064935,0.09516514294429108,5,0.5617051013277428,0.07825821055372291,5,0.5617051013277428,0.07825821055372291,5,0.05660377358490566,0.023108393799841306
B1,unseen,harsh,wide_new,5,5,0.22222222222222224,0.12001371663718258,5,0.5769444444444445,0.06157964330146611,5,0.3043089533205813,0.11822825814020274,5,0.6268343815513627,0.02578512191124403,5,0.6268343815513627,0.02578512191124403,5,0.08679245283018867,0.052695245448184685
B1,unseen,standard,__all__,5,5,0.020540540540540542,0.015478725473812273,5,0.12219173299818462,0.10481562019290845,5,0.0336684494666874,0.02346380016291451,5,0.35694783155248266,0.02452709285424529,5,0.35694783155248266,0.02452709285424529,5,0.13023255813953488,0.0872015500430357
B1,unseen,standard,horizontal_new,5,5,0.0,0.0,5,0.0,0.0,5,0.0,0.0,5,0.31187932118164674,0.027803018127366783,5,0.31187932118164674,0.027803018127366783,5,0.11162790697674418,0.06453226476982142
B1,unseen,standard,low_new,5,5,0.021621621621621623,0.022612433149569608,5,0.126007326007326,0.13765780253230198,5,0.035090909090909096,0.03467440049354533,5,0.35135135135135137,0.02543822293506985,5,0.35135135135135137,0.02543822293506985,5,0.13023255813953488,0.08794265302878623
B1,unseen,standard,two_new,5,5,0.03783783783783784,0.03081555202970643,5,0.1764502164502164,0.1303877132025963,5,0.059475524475524476,0.04588459819917625,5,0.3526084223758642,0.02021110646236773,5,0.3526084223758642,0.02021110646236773,5,0.1441860465116279,0.10707780868112872
B1,unseen,standard,vertical_new,5,5,0.021621621621621623,0.022612433149569608,5,0.12857142857142856,0.13842325574998698,5,0.03541743970315399,0.03520664203194065,5,0.3806411062225016,0.050156188702974704,5,0.3806411062225016,0.050156188702974704,5,0.12558139534883722,0.07988634435961707
B1,unseen,standard,wide_new,5,5,0.021621621621621623,0.022612433149569608,5,0.12190476190476192,0.13692442922914774,5,0.034475524475524474,0.03369149197676066,5,0.35901948460087996,0.02545530025854502,5,0.35901948460087996,0.02545530025854502,5,0.13953488372093023,0.10529517602485368
B2,all,__all__,__all__,5,5,0.0734375,0.023421218303001982,5,0.3695230703454712,0.07644810668509586,5,0.12036137111913672,0.03374082937600324,5,0.5126383463541666,0.02939187370001339,5,0.5126383463541666,0.02939187370001339,5,0.0890625,0.0395005816753497
B2,seen,__all__,__all__,5,5,0.052083333333333336,0.022702598664274345,5,0.33777362987889303,0.07046999780962589,5,0.08759473731673967,0.030945942318738304,5,0.5150028935185185,0.030547211853259693,5,0.5150028935185185,0.030547211853259693,5,0.07499999999999998,0.043617524298450575
B2,seen,__all__,central_furniture,5,5,0.059375,0.023175620272173948,5,0.35140859140859143,0.08817400928571328,5,0.09832877032877033,0.03080011355584557,5,0.5169270833333334,0.03589356173580103,5,0.5169270833333334,0.03589356173580103,5,0.08333333333333334,0.04885849749816073
B2,seen,__all__,clear,5,5,0.0375,0.03597145135381668,5,0.22333333333333333,0.15073892072793352,5,0.06166939086847554,0.05431907226610826,5,0.5107747395833333,0.036345607329259275,5,0.5107747395833333,0.036345607329259275,5,0.07291666666666667,0.04716346426113238
B2,seen,__all__,vertical_mid,5,5,0.059375,0.01711632992203644,5,0.3967657342657343,0.09675610023993209,5,0.1010994822171293,0.02498768839104583,5,0.5218098958333333,0.03556901663703714,5,0.5218098958333333,0.03556901663703714,5,0.06875,0.03798871360168848
B2,seen,harsh,__all__,5,5,0.11851851851851851,0.053529588614021725,5,0.5466666666666666,0.060553007081949814,5,0.19123437954083117,0.06928166861356334,5,0.6491497787095273,0.015787947677751855,5,0.6491497787095273,0.015787947677751855,5,0.04905660377358491,0.01907641621145044
B2,seen,harsh,central_furniture,5,5,0.13333333333333336,0.05616944773371518,5,0.539047619047619,0.09388321978349538,5,0.20862387928327206,0.06850528560869927,5,0.6465408805031447,0.009143495308900709,5,0.6465408805031447,0.009143495308900709,5,0.06037735849056604,0.03375196947169494
B2,seen,harsh,clear,5,5,0.08888888888888888,0.0852656624683062,5,0.3957575757575757,0.2426476243550353,5,0.13979767968307866,0.12068145417954625,5,0.644723969252271,0.014512762739995525,5,0.644723969252271,0.014512762739995525,5,0.0490566037735849,0.02531397710377121
B2,seen,harsh,vertical_mid,5,5,0.13333333333333333,0.042228719448116216,5,0.6295238095238095,0.08305395344999218,5,0.21909967799436494,0.0629016018802589,5,0.660377358490566,0.054073331727960056,5,0.660377358490566,0.054073331727960056,5,0.03773584905660377,0.0
B2,seen,standard,__all__,5,5,0.0036036036036036037,0.008057902621620865,5,0.017391304347826087,0.038888138739126776,5,0.005970149253731343,0.013349659567162924,5,0.3849291151616733,0.043547768857954076,5,0.3849291151616733,0.043547768857954076,5,0.10697674418604652,0.08100682466736826
B2,seen,standard,central_furniture,5,5,0.005405405405405406,0.012086853932431297,4,,,5,0.008888888888888889,0.01987615979999813,5,0.3806411062225016,0.055079582212132314,5,0.3806411062225016,0.055079582212132314,5,0.11162790697674418,0.081229066030572
B2,seen,standard,clear,5,5,0.0,0.0,5,0.0,0.0,5,0.0,0.0,5,0.37624135763670646,0.05042523834534527,5,0.37624135763670646,0.05042523834534527,5,0.10232558139534884,0.07988634435961707
B2,seen,standard,vertical_mid,5,5,0.005405405405405406,0.012086853932431297,4,,,5,0.008888888888888889,0.01987615979999813,5,0.37875549968573224,0.044645050430724455,5,0.37875549968573224,0.044645050430724455,5,0.10697674418604652,0.08481201176190917
B2,unseen,__all__,__all__,5,5,0.08625000000000001,0.03470016660622828,5,0.37758907690742094,0.08563114705144707,5,0.13788551069287205,0.04959994982163249,5,0.5114921875,0.029409831577674694,5,0.5114921875,0.029409831577674694,5,0.0975,0.03953944935827452
B2,unseen,__all__,horizontal_new,5,5,0.103125,0.0808886194096549,5,0.3310869310869311,0.10945301421155065,5,0.1484681651263718,0.09782638599888441,5,0.4909179687500001,0.033108125303114,5,0.4909179687500001,0.033108125303114,5,0.12916666666666668,0.07313954033975817
B2,unseen,__all__,low_new,5,5,0.078125,0.027063293868263706,5,0.3802393162393162,0.06548967594248348,5,0.12654391937137818,0.031354827645948366,5,0.5224609375,0.04014214373059517,5,0.5224609375,0.04014214373059517,5,0.09166666666666666,0.05124322448437018
B2,unseen,__all__,two_new,5,5,0.109375,0.05182226234930312,5,0.4020940170940171,0.09202835424608888,5,0.16888750518887505,0.07033263281974719,5,0.5233723958333333,0.04034236173229948,5,0.5233723958333333,0.04034236173229948,5,0.10625,0.037121936835844714
B2,unseen,__all__,vertical_new,5,5,0.059375,0.025674494883054663,5,0.37598290598290596,0.11438327773131818,5,0.10071558433757095,0.04272105989191722,5,0.5150065104166666,0.042619212135795045,5,0.5150065104166666,0.042619212135795045,5,0.06875,0.03798871360168848
B2,unseen,__all__,wide_new,5,5,0.08125,0.030055287596361478,5,0.3897220426632192,0.09522754048377279,5,0.13163757085325714,0.04276265213485773,5,0.51767578125,0.03635912521634243,5,0.51767578125,0.03635912521634243,5,0.09166666666666666,0.04443901876604488
B2,unseen,harsh,__all__,5,5,0.19703703703703704,0.08742623777078858,5,0.556525174172233,0.037001349127791294,5,0.28307157566601093,0.10052164549146304,5,0.6411851851851852,0.01272643327786702,5,0.6411851851851852,0.01272643327786702,5,0.07849056603773585,0.03011784141771308
B2,unseen,harsh,horizontal_new,5,5,0.2444444444444444,0.19173598674881162,5,0.5108374384236454,0.03468449083855129,5,0.29433529448467477,0.1604537155664623,5,0.6238993710691825,0.04392910445063717,5,0.6238993710691825,0.04392910445063717,5,0.12452830188679245,0.1072322433085496
B2,unseen,harsh,low_new,5,5,0.17777777777777776,0.07124216319137534,5,0.5592857142857144,0.057343398104075134,5,0.2618345710377174,0.07082306796312977,5,0.6505939902166318,0.012961032139057575,5,0.6505939902166318,0.012961032139057575,5,0.07547169811320754,0.04424920528135311
B2,unseen,harsh,two_new,5,5,0.24444444444444446,0.1217161238900369,5,0.5717379679144385,0.04935813668495292,5,0.33030452717417214,0.12704670361111958,5,0.6526904262753319,0.011082286182497332,5,0.6526904262753319,0.011082286182497332,5,0.09056603773584906,0.0362931774748516
B2,unseen,harsh,vertical_new,5,5,0.13333333333333333,0.06197481678030189,5,0.6057142857142856,0.1593068887627156,5,0.21696524064171124,0.09488283584067164,5,0.6348008385744235,0.053909622145971274,5,0.6348008385744235,0.053909622145971274,5,0.03773584905660377,0.0
B2,unseen,harsh,wide_new,5,5,0.18518518518518517,0.07856742013183861,5,0.605934065934066,0.07602934497248293,5,0.27536199095022623,0.08995987469988223,5,0.6426275331935709,0.012738712521954477,5,0.6426275331935709,0.012738712521954477,5,0.06415094339622641,0.03678035601814704
B2,unseen,standard,__all__,5,5,0.005405405405405406,0.009362436797669607,5,0.02696443341604632,0.044510039636762054,5,0.008994708994708995,0.015465446458268804,5,0.3821345065996229,0.038291042063294,5,0.3821345065996229,0.038291042063294,5,0.12093023255813953,0.075069825077065
B2,unseen,standard,horizontal_new,5,5,0.0,0.0,5,0.0,0.0,5,0.0,0.0,5,0.33865493400377117,0.0388204008083616,5,0.33865493400377117,0.0388204008083616,5,0.13488372093023257,0.07607175457579594
B2,unseen,standard,low_new,5,5,0.005405405405405406,0.012086853932431297,5,0.025,0.05590169943749475,5,0.008888888888888889,0.01987615979999813,5,0.38428661219358895,0.05413183417767371,5,0.38428661219358895,0.05413183417767371,5,0.11162790697674418,0.07782883967758843
B2,unseen,standard,two_new,5,5,0.010810810810810811,0.01480331236500449,5,0.05357142857142857,0.07362688617174393,5,0.017979797979797978,0.024622442341707847,5,0.38202388434946577,0.053133375090565864,5,0.38202388434946577,0.053133375090565864,5,0.12558139534883722,0.07092070084640421
B2,unseen,standard,vertical_new,5,5,0.005405405405405406,0.012086853932431297,4,,,5,0.008888888888888889,0.01987615979999813,5,0.38139534883720927,0.05669620267906521,5,0.38139534883720927,0.05669620267906521,5,0.10697674418604652,0.08481201176190917
B2,unseen,standard,wide_new,5,5,0.005405405405405406,0.012086853932431297,5,0.025,0.05590169943749475,5,0.008888888888888889,0.01987615979999813,5,0.3822752985543683,0.05433543182491078,5,0.3822752985543683,0.05433543182491078,5,0.12558139534883722,0.07092070084640421
B3,all,__all__,__all__,5,5,0.037109375,0.023640075072090243,5,0.20048414798270486,0.08788680562065727,5,0.061862460316253164,0.037501391748811855,5,0.5126383463541666,0.02939187370001339,5,0.5376014709472656,0.03611646121959032,5,0.0921875,0.032700183930367444
B3,seen,__all__,__all__,5,5,0.02395833333333333,0.02567449488305466,5,0.14612479917743076,0.10197330452529373,5,0.040366862292992876,0.04107115888169696,5,0.5150028935185185,0.030547211853259693,5,0.5428747106481482,0.03916033597538453,5,0.07916666666666666,0.03157622928997127
B3,seen,__all__,central_furniture,5,5,0.028125,0.023175620272173948,5,0.17666666666666667,0.1064581294844754,5,0.047687692906822184,0.03735254032966477,5,0.5169270833333334,0.03589356173580103,5,0.5388020833333333,0.038060645592972155,5,0.08125,0.029828793881825737
B3,seen,__all__,clear,5,5,0.01875,0.02795084971874737,5,0.09230769230769231,0.1376041832307563,5,0.03116883116883117,0.04646375018181382,5,0.5107747395833333,0.036345607329259275,5,0.5402994791666667,0.041396632967045786,5,0.07083333333333333,0.03486083443891982
B3,seen,__all__,vertical_mid,5,5,0.025,0.03240068961457456,5,0.12882352941176473,0.13786558821992134,5,0.041207874541207876,0.05140042400013274,5,0.5218098958333333,0.03556901663703714,5,0.5611653645833333,0.042983759560850064,5,0.08541666666666667,0.03326816546389857
B3,seen,harsh,__all__,5,5,0.0345679012345679,0.03425786895188051,5,0.31412698412698414,0.23708542471915167,5,0.061733084786348105,0.059556287684894925,5,0.6491497787095273,0.015787947677751855,5,0.6491497787095273,0.015787947677751855,5,0.028930817610062894,0.007170914623265018
B3,seen,harsh,central_furniture,5,5,0.04444444444444444,0.030987408390150944,5,0.36666666666666664,0.2173067468400883,5,0.07873934000741564,0.0536188304871856,5,0.6465408805031447,0.009143495308900709,5,0.6465408805031447,0.009143495308900709,5,0.03018867924528302,0.010334387877455962
B3,seen,harsh,clear,5,5,0.02222222222222222,0.03312693299999688,5,0.2333333333333333,0.32489314482696546,5,0.04045977011494253,0.059893771290048976,5,0.644723969252271,0.014512762739995525,5,0.644723969252271,0.014512762739995525,5,0.022641509433962263,0.008437992367923733
B3,seen,harsh,vertical_mid,5,5,0.037037037037037035,0.05237828008789241,5,0.22000000000000003,0.30331501776206204,5,0.06330645161290323,0.08911655225341641,5,0.660377358490566,0.054073331727960056,5,0.660377358490566,0.054073331727960056,5,0.033962264150943396,0.008437992367923733
B3,seen,standard,__all__,5,5,0.016216216216216217,0.022432251527907628,5,0.059220779220779216,0.07455596207326012,5,0.025370728562217927,0.03449794199828051,5,0.3849291151616733,0.043547768857954076,5,0.3849291151616733,0.043547768857954076,5,0.14108527131782947,0.0768185373137209
B3,seen,standard,central_furniture,5,5,0.016216216216216217,0.024173707864862594,5,0.05636363636363637,0.08242201423013192,5,0.025177304964539005,0.03736888787476732,5,0.3806411062225016,0.055079582212132314,5,0.3806411062225016,0.055079582212132314,5,0.1441860465116279,0.07242982094138344
B3,seen,standard,clear,5,5,0.016216216216216217,0.024173707864862594,5,0.05818181818181818,0.08851390141554973,5,0.025354609929078016,0.03796355591733256,5,0.37624135763670646,0.05042523834534527,5,0.37624135763670646,0.05042523834534527,5,0.13023255813953488,0.08320252939534101
B3,seen,standard,vertical_mid,5,5,0.016216216216216217,0.024173707864862594,5,0.05833333333333333,0.08122328620674137,5,0.025215419501133783,0.036946284605825934,5,0.37875549968573224,0.044645050430724455,5,0.37875549968573224,0.044645050430724455,5,0.14883720930232558,0.07817551773940284
B3,unseen,__all__,__all__,5,5,0.045,0.026479650205393574,5,0.2188744166836356,0.0885732045545971,5,0.07370891377316123,0.04167585862697752,5,0.5114921875,0.029409831577674694,5,0.5360696614583332,0.03541328979549834,5,0.1,0.03596390937840014
B3,unseen,__all__,horizontal_new,5,5,0.0375,0.035971451353816686,5,0.1662697467651028,0.12521630819830912,5,0.06019135705882693,0.056065865895371096,5,0.4909179687500001,0.033108125303114,5,0.5265299479166667,0.03466892390360651,5,0.10833333333333332,0.041405431071566225
B3,unseen,__all__,low_new,5,5,0.046875,0.029231698334171417,5,0.2366300366300366,0.05633825860630227,5,0.0763276089216542,0.0421577406423201,5,0.5224609375,0.04014214373059517,5,0.5432942708333333,0.04368988023833828,5,0.09583333333333334,0.042568368211880314
B3,unseen,__all__,two_new,5,5,0.0625,0.038273277230987154,5,0.25546218487394956,0.10246416663658936,5,0.09902927252772453,0.05811267055844814,5,0.5233723958333333,0.04034236173229948,5,0.5420247395833333,0.04082179211333575,5,0.11041666666666665,0.041405431071566225
B3,unseen,__all__,vertical_new,5,5,0.028125,0.03202172114362375,5,0.14215686274509803,0.13760459654527646,5,0.04632878492527615,0.050907514965632235,5,0.5150065104166666,0.042619212135795045,5,0.55224609375,0.04470226029255265,5,0.08541666666666667,0.03784562942621865
B3,unseen,__all__,wide_new,5,5,0.05,0.025674494883054663,5,0.2407541478129714,0.06022467861220163,5,0.08154708246241427,0.03921479138092217,5,0.51767578125,0.03635912521634243,5,0.5369140625,0.03679904680261506,5,0.1,0.03653266232656288
B3,unseen,harsh,__all__,5,5,0.06222222222222222,0.06144130771356361,5,0.3924908424908425,0.2455797421611954,5,0.10427857131519729,0.09754002932975044,5,0.6411851851851852,0.01272643327786702,5,0.6411851851851852,0.01272643327786702,5,0.036226415094339624,0.014760458275930526
B3,unseen,harsh,horizontal_new,5,5,0.06666666666666667,0.09222147850362024,4,,,5,0.10400464981110143,0.13434582195071482,5,0.6238993710691825,0.04392910445063717,5,0.6238993710691825,0.04392910445063717,5,0.03773584905660378,0.026683274761756512
B3,unseen,harsh,low_new,5,5,0.059259259259259255,0.04222871944811622,5,0.42000000000000004,0.2662496739695448,5,0.10330645161290324,0.0718795539760865,5,0.6505939902166318,0.012961032139057575,5,0.6505939902166318,0.012961032139057575,5,0.033962264150943396,0.008437992367923733
B3,unseen,harsh,two_new,5,5,0.08148148148148147,0.08842471397269126,5,0.4066666666666666,0.25210227201585383,5,0.12949130164647407,0.12816319513685887,5,0.6526904262753319,0.011082286182497332,5,0.6526904262753319,0.011082286182497332,5,0.041509433962264156,0.02066877575491193
B3,unseen,harsh,vertical_new,5,5,0.037037037037037035,0.05237828008789241,5,0.22000000000000003,0.30331501776206204,5,0.06330645161290323,0.08911655225341641,5,0.6348008385744235,0.053909622145971274,5,0.6348008385744235,0.053909622145971274,5,0.03018867924528302,0.010334387877455962
B3,unseen,harsh,wide_new,5,5,0.06666666666666667,0.06085806194501846,5,0.40095238095238095,0.24689454449171866,5,0.11168526031102095,0.09663367937528408,5,0.6426275331935709,0.012738712521954477,5,0.6426275331935709,0.012738712521954477,5,0.03773584905660378,0.013341637380878256
B3,unseen,standard,__all__,5,5,0.032432432432432434,0.03822198817224581,5,0.09662962962962963,0.09556904871715703,5,0.0481461969514456,0.05488739687748403,5,0.3821345065996229,0.038291042063294,5,0.3821345065996229,0.038291042063294,5,0.17860465116279073,0.0840819091235473
B3,unseen,standard,horizontal_new,5,5,0.016216216216216217,0.036260561797293894,5,0.03529411764705882,0.07892004626469847,5,0.02222222222222222,0.04969039949999532,5,0.33865493400377117,0.0388204008083616,5,0.33865493400377117,0.0388204008083616,5,0.19534883720930235,0.09244003215977577
B3,unseen,standard,low_new,5,5,0.03783783783783784,0.04098851591379217,5,0.1112121212121212,0.12194663813652566,5,0.05624018838304552,0.0608066362170013,5,0.38428661219358895,0.05413183417767371,5,0.38428661219358895,0.05413183417767371,5,0.17209302325581396,0.0994848820288718
B3,unseen,standard,two_new,5,5,0.04864864864864865,0.051987524491003634,5,0.13453634085213034,0.09609615439236864,5,0.06964236371531204,0.06741335334521201,5,0.38202388434946577,0.053133375090565864,5,0.38202388434946577,0.053133375090565864,5,0.19534883720930235,0.09672853182830428
B3,unseen,standard,vertical_new,5,5,0.021621621621621623,0.02960662473000898,5,0.07333333333333333,0.10110500592068734,5,0.03334780720798958,0.045679878616380905,5,0.38139534883720927,0.05669620267906521,5,0.38139534883720927,0.05669620267906521,5,0.15348837209302327,0.07988634435961707
B3,unseen,standard,wide_new,5,5,0.03783783783783784,0.045224866299139216,5,0.10666666666666666,0.11401754250991379,5,0.05560639967934801,0.06458123717168555,5,0.3822752985543683,0.05433543182491078,5,0.3822752985543683,0.05433543182491078,5,0.17674418604651163,0.08481201176190915
P1,all,__all__,__all__,5,5,0.061328125,0.013852049395700894,5,0.33488798721776397,0.048250236479521875,5,0.10263671898146567,0.019444689140125614,5,0.5126383463541666,0.02939187370001339,5,0.5094111124674479,0.02810192594731223,5,0.084375,0.029208489360020733
P1,seen,__all__,__all__,5,5,0.05,0.022280468371049415,5,0.3046344367706597,0.0481301764631798,5,0.08432017884858009,0.03228707736574095,5,0.5150028935185185,0.030547211853259693,5,0.5153754340277777,0.030926777715198323,5,0.07708333333333334,0.032885445812643264
P1,seen,__all__,central_furniture,5,5,0.053125,0.02614562582918986,5,0.30153846153846153,0.057837424327678695,5,0.0887252518659134,0.038052622914142256,5,0.5169270833333334,0.03589356173580103,5,0.51474609375,0.03555963122002729,5,0.08125,0.031595314350214794
P1,seen,__all__,clear,5,5,0.040625,0.037629983058725926,5,0.2198717948717949,0.15066830085863844,5,0.06703164044627459,0.058696105652875565,5,0.5107747395833333,0.036345607329259275,5,0.5293619791666667,0.040785467677563435,5,0.07291666666666667,0.038273277230987154
P1,seen,__all__,vertical_mid,5,5,0.05625,0.00855816496101822,5,0.34225274725274724,0.062270644794980665,5,0.09565309203250107,0.010814506889349372,5,0.5218098958333333,0.03556901663703714,5,0.50927734375,0.032981180636806294,5,0.07708333333333332,0.030010125606016524
P1,seen,harsh,__all__,5,5,0.11111111111111112,0.05014838521380223,5,0.5778088578088578,0.05597182682903662,5,0.18411380555922646,0.07057584522354433,5,0.6491497787095273,0.015787947677751855,5,0.6442891528845408,0.015777996954531647,5,0.0389937106918239,0.006889591918303977
P1,seen,harsh,central_furniture,5,5,0.11851851851851851,0.06085806194501846,5,0.5733333333333334,0.07226494462892931,5,0.1932795698924731,0.0835722706172177,5,0.6465408805031447,0.009143495308900709,5,0.6413696715583508,0.01027515095777096,5,0.04150943396226415,0.008437992367923735
P1,seen,harsh,clear,5,5,0.08888888888888888,0.0852656624683062,5,0.42000000000000004,0.2662496739695448,5,0.14330645161290323,0.12715879227109758,5,0.644723969252271,0.014512762739995525,5,0.6391334730957372,0.018092349803011692,5,0.03773584905660377,0.013341637380878256
P1,seen,harsh,vertical_mid,5,5,0.1259259259259259,0.020286020648339485,5,0.6266666666666667,0.036514837167011066,5,0.20946969696969697,0.03008324652963981,5,0.660377358490566,0.054073331727960056,5,0.655904961565339,0.052702658699787935,5,0.03773584905660377,0.0
P1,seen,standard,__all__,5,5,0.005405405405405406,0.012086853932431297,5,0.025,0.05590169943749475,5,0.008888888888888889,0.01987615979999813,5,0.3849291151616733,0.043547768857954076,5,0.37118513862699903,0.040349541914426364,5,0.12403100775193801,0.06668469199257851
P1,seen,standard,central_furniture,5,5,0.005405405405405406,0.012086853932431297,5,0.025,0.05590169943749475,5,0.008888888888888889,0.01987615979999813,5,0.3806411062225016,0.055079582212132314,5,0.3717159019484601,0.04694617533800038,5,0.13023255813953488,0.06283374923770371
P1,seen,standard,clear,5,5,0.005405405405405406,0.012086853932431297,5,0.025,0.05590169943749475,5,0.008888888888888889,0.01987615979999813,5,0.37624135763670646,0.05042523834534527,5,0.37624135763670646,0.05042523834534527,5,0.11627906976744187,0.07167923259266253
P1,seen,standard,vertical_mid,5,5,0.005405405405405406,0.012086853932431297,5,0.025,0.05590169943749475,5,0.008888888888888889,0.01987615979999813,5,0.37875549968573224,0.044645050430724455,5,0.3497171590194846,0.038280341204046116,5,0.12558139534883722,0.06699935019017644
P1,unseen,__all__,__all__,5,5,0.068125,0.01717328958004261,5,0.3450402084218336,0.05734059722254933,5,0.11278258115608393,0.02556129592476377,5,0.5114921875,0.029409831577674694,5,0.5062877604166667,0.027057321978623344,5,0.08875,0.028051601756604046
P1,unseen,__all__,horizontal_new,5,5,0.071875,0.05367363761661771,5,0.3223926073926074,0.1368335779166831,5,0.11461345755810218,0.07691545041168016,5,0.4909179687500001,0.033108125303114,5,0.4955403645833333,0.032890614368379596,5,0.09375,0.03294039229342062
P1,unseen,__all__,low_new,5,5,0.05625,0.023696485762661094,5,0.314047619047619,0.08983324183100863,5,0.0932034790565723,0.03254309828100108,5,0.5224609375,0.04014214373059517,5,0.522265625,0.038304307701680855,5,0.0875,0.04332632154809463
P1,unseen,__all__,two_new,5,5,0.090625,0.03202172114362375,5,0.3863568234311269,0.07479095458373078,5,0.14543375233753184,0.04542478607515147,5,0.5233723958333333,0.04034236173229948,5,0.5144856770833333,0.03649047161665096,5,0.09583333333333334,0.02486945080481942
P1,unseen,__all__,vertical_new,5,5,0.05,0.01307281291459493,5,0.3027505827505827,0.03200967844465176,5,0.0848993129291378,0.018910946215111905,5,0.5150065104166666,0.042619212135795045,5,0.5020182291666667,0.03780171558449677,5,0.07916666666666666,0.02814428351272145
P1,unseen,__all__,wide_new,5,5,0.071875,0.02614562582918986,5,0.35142857142857137,0.02904371558471793,5,0.11777026816691431,0.038477468955731356,5,0.51767578125,0.03635912521634243,5,0.5071614583333334,0.03365974351309354,5,0.0875,0.03001012560601653
P1,unseen,harsh,__all__,5,5,0.1496296296296296,0.04667254519118034,5,0.5887580971659919,0.03387983459512391,5,0.23598562291405178,0.05917247263563815,5,0.6411851851851852,0.01272643327786702,5,0.6378979734451433,0.012181163877807459,5,0.052830188679245285,0.01578603823649199
P1,unseen,harsh,horizontal_new,5,5,0.17037037037037037,0.12722640027642718,5,0.5511111111111111,0.050061690338083595,5,0.2428666569795602,0.13806788495725514,5,0.6238993710691825,0.04392910445063717,5,0.6220824598183089,0.04215638170246673,5,0.06792452830188679,0.04920152758643508
P1,unseen,harsh,low_new,5,5,0.1259259259259259,0.05616944773371518,5,0.5490909090909091,0.05004130525281048,5,0.2003279827133817,0.0690763404875056,5,0.6505939902166318,0.012961032139057575,5,0.6451432564640112,0.015225444555302475,5,0.052830188679245285,0.024600763793217545
P1,unseen,harsh,two_new,5,5,0.19259259259259257,0.08842471397269126,5,0.6461904761904761,0.06879263262773766,5,0.2894199786344693,0.1009491215756557,5,0.6526904262753319,0.011082286182497332,5,0.6514325646401118,0.011529339468142741,5,0.052830188679245285,0.024600763793217545
P1,unseen,harsh,vertical_new,5,5,0.11111111111111112,0.026189140043946204,5,0.5933333333333334,0.059628479399994376,5,0.18679130009775172,0.04010186396900416,5,0.6348008385744235,0.053909622145971274,5,0.6294898672257163,0.052507248967903895,5,0.03773584905660377,0.0
P1,unseen,harsh,wide_new,5,5,0.14814814814814814,0.05237828008789241,5,0.5809523809523809,0.08350322817500085,5,0.23373107600811585,0.07243460558710928,5,0.6426275331935709,0.012738712521954477,5,0.6368972746331236,0.01385869507843891,5,0.052830188679245285,0.01578603823649199
P1,unseen,standard,__all__,5,5,0.008648648648648649,0.01244417776564469,5,0.04095238095238095,0.05730136745330028,5,0.014265118141770125,0.020414384951676846,5,0.3821345065996229,0.038291042063294,5,0.3706700188560654,0.0337255199281946,5,0.1330232558139535,0.06533186902109166
P1,unseen,standard,horizontal_new,5,5,0.0,0.0,5,0.0,0.0,5,0.0,0.0,5,0.33865493400377117,0.0388204008083616,5,0.3602765556253928,0.0491995180609944,5,0.12558139534883722,0.060643743304210684
P1,unseen,standard,low_new,5,5,0.005405405405405406,0.012086853932431297,5,0.02,0.044721359549995794,5,0.00851063829787234,0.019030365765955657,5,0.38428661219358895,0.05413183417767371,5,0.38478944060339404,0.05222975050662605,5,0.13023255813953488,0.08156129263604736
P1,unseen,standard,two_new,5,5,0.016216216216216217,0.024173707864862594,5,0.06222222222222222,0.09081251885201133,5,0.02571692876965772,0.038166259527378565,5,0.38202388434946577,0.053133375090565864,5,0.3660590823381521,0.044363210157024185,5,0.14883720930232558,0.06699935019017644
P1,unseen,standard,vertical_new,5,5,0.005405405405405406,0.012086853932431297,5,0.025,0.05590169943749475,5,0.008888888888888889,0.01987615979999813,5,0.38139534883720927,0.05669620267906521,5,0.35813953488372097,0.048850999543864265,5,0.13023255813953488,0.06283374923770371
P1,unseen,standard,wide_new,5,5,0.016216216216216217,0.024173707864862594,5,0.073015873015873,0.10384398243680079,5,0.02648221343873518,0.03911845546661311,5,0.3822752985543683,0.05433543182491078,5,0.36429918290383406,0.042983741855906595,5,0.13023255813953488,0.06283374923770371
