seed,budget,method,calibration_group,fallback,n,tp,fp,fn,tn,recall,precision,f1,false_positive_rate,auroc,margin_auroc
0,0.01,B1,all,False,432,8,2,136,286,0.05555555555555555,0.8,0.1038961038961039,0.006944444444444444,0.48811246141975306,0.48811246141975306
0,0.01,B2,all,False,432,2,2,142,286,0.013888888888888888,0.5,0.02702702702702703,0.006944444444444444,0.5007716049382716,0.5007716049382716
0,0.01,B3,harsh,False,216,1,1,71,143,0.013888888888888888,0.5,0.02702702702702703,0.006944444444444444,0.5384837962962963,0.5384837962962963
0,0.01,B3,standard,False,216,1,1,71,143,0.013888888888888888,0.5,0.02702702702702703,0.006944444444444444,0.4554398148148148,0.4554398148148148
0,0.01,P1,0,False,164,0,1,54,109,0.0,0.0,0.0,0.00909090909090909,0.419023569023569,0.419023569023569
0,0.01,P1,1,False,268,1,1,89,177,0.011111111111111112,0.5,0.021739130434782608,0.0056179775280898875,0.5390761548064918,0.5390761548064918
1,0.01,B1,all,False,432,2,2,142,286,0.013888888888888888,0.5,0.02702702702702703,0.006944444444444444,0.568407600308642,0.568407600308642
1,0.01,B2,all,False,432,7,2,137,286,0.04861111111111111,0.7777777777777778,0.0915032679738562,0.006944444444444444,0.5979456018518519,0.5979456018518519
1,0.01,B3,harsh,False,216,3,1,69,143,0.041666666666666664,0.75,0.07894736842105263,0.006944444444444444,0.6490162037037037,0.6490162037037037
1,0.01,B3,standard,False,216,0,1,72,143,0.0,0.0,0.0,0.006944444444444444,0.5530478395061729,0.5530478395061729
1,0.01,P1,0,False,164,0,1,54,109,0.0,0.0,0.0,0.00909090909090909,0.557070707070707,0.557070707070707
1,0.01,P1,1,False,268,3,1,87,177,0.03333333333333333,0.75,0.06382978723404255,0.0056179775280898875,0.6343320848938826,0.6343320848938826
2,0.01,B1,all,False,432,7,2,137,286,0.04861111111111111,0.7777777777777778,0.0915032679738562,0.006944444444444444,0.7109375,0.7109375
2,0.01,B2,all,False,432,1,2,143,286,0.006944444444444444,0.3333333333333333,0.013605442176870748,0.006944444444444444,0.4934895833333333,0.4934895833333333
2,0.01,B3,harsh,False,216,0,1,72,143,0.0,0.0,0.0,0.006944444444444444,0.5161072530864198,0.5161072530864198
2,0.01,B3,standard,False,216,0,1,72,143,0.0,0.0,0.0,0.006944444444444444,0.44733796296296297,0.44733796296296297
2,0.01,P1,0,False,164,0,1,54,109,0.0,0.0,0.0,0.00909090909090909,0.4063973063973064,0.4063973063973064
2,0.01,P1,1,False,268,0,1,90,177,0.0,0.0,0.0,0.0056179775280898875,0.5290886392009988,0.5290886392009988
3,0.01,B1,all,False,432,8,2,136,286,0.05555555555555555,0.8,0.1038961038961039,0.006944444444444444,0.8269917052469136,0.8269917052469136
3,0.01,B2,all,False,432,8,2,136,286,0.05555555555555555,0.8,0.1038961038961039,0.006944444444444444,0.5717351466049383,0.5717351466049383
3,0.01,B3,harsh,False,216,7,1,65,143,0.09722222222222222,0.875,0.175,0.006944444444444444,0.6630015432098766,0.6630015432098766
3,0.01,B3,standard,False,216,2,1,70,143,0.027777777777777776,0.6666666666666666,0.05333333333333334,0.006944444444444444,0.46238425925925924,0.46238425925925924
3,0.01,P1,0,False,164,2,1,52,109,0.037037037037037035,0.6666666666666666,0.07017543859649122,0.00909090909090909,0.431986531986532,0.431986531986532
3,0.01,P1,1,False,268,7,1,83,177,0.07777777777777778,0.875,0.14285714285714285,0.0056179775280898875,0.6466916354556804,0.6466916354556804
4,0.01,B1,all,False,432,1,2,143,286,0.006944444444444444,0.3333333333333333,0.013605442176870748,0.006944444444444444,0.47393422067901236,0.47393422067901236
4,0.01,B2,all,False,432,2,2,142,286,0.013888888888888888,0.5,0.02702702702702703,0.006944444444444444,0.47183641975308643,0.47183641975308643
4,0.01,B3,harsh,False,216,2,1,70,143,0.027777777777777776,0.6666666666666666,0.05333333333333334,0.006944444444444444,0.5393518518518519,0.5393518518518519
4,0.01,B3,standard,False,216,0,1,72,143,0.0,0.0,0.0,0.006944444444444444,0.3908179012345679,0.3908179012345679
4,0.01,P1,0,False,164,0,1,54,109,0.0,0.0,0.0,0.00909090909090909,0.34915824915824917,0.34915824915824917
4,0.01,P1,1,False,268,2,1,88,177,0.022222222222222223,0.6666666666666666,0.043010752688172046,0.0056179775280898875,0.5320848938826467,0.5320848938826467
0,0.025,B1,all,False,432,8,7,136,281,0.05555555555555555,0.5333333333333333,0.10062893081761007,0.024305555555555556,0.48811246141975306,0.48811246141975306
0,0.025,B2,all,False,432,3,7,141,281,0.020833333333333332,0.3,0.03896103896103896,0.024305555555555556,0.5007716049382716,0.5007716049382716
0,0.025,B3,harsh,False,216,2,3,70,141,0.027777777777777776,0.4,0.05194805194805195,0.020833333333333332,0.5384837962962963,0.5384837962962963
0,0.025,B3,standard,False,216,2,3,70,141,0.027777777777777776,0.4,0.05194805194805195,0.020833333333333332,0.4554398148148148,0.4554398148148148
0,0.025,P1,0,False,164,1,2,53,108,0.018518518518518517,0.3333333333333333,0.03508771929824561,0.01818181818181818,0.419023569023569,0.419023569023569
0,0.025,P1,1,False,268,3,4,87,174,0.03333333333333333,0.42857142857142855,0.061855670103092786,0.02247191011235955,0.5390761548064918,0.5390761548064918
1,0.025,B1,all,False,432,9,7,135,281,0.0625,0.5625,0.1125,0.024305555555555556,0.568407600308642,0.568407600308642
1,0.025,B2,all,False,432,9,7,135,281,0.0625,0.5625,0.1125,0.024305555555555556,0.5979456018518519,0.5979456018518519
1,0.025,B3,harsh,False,216,7,3,65,141,0.09722222222222222,0.7,0.17073170731707318,0.020833333333333332,0.6490162037037037,0.6490162037037037
1,0.025,B3,standard,False,216,0,3,72,141,0.0,0.0,0.0,0.020833333333333332,0.5530478395061729,0.5530478395061729
1,0.025,P1,0,False,164,0,2,54,108,0.0,0.0,0.0,0.01818181818181818,0.557070707070707,0.557070707070707
1,0.025,P1,1,False,268,8,4,82,174,0.08888888888888889,0.6666666666666666,0.1568627450980392,0.02247191011235955,0.6343320848938826,0.6343320848938826
2,0.025,B1,all,False,432,15,7,129,281,0.10416666666666667,0.6818181818181818,0.18072289156626506,0.024305555555555556,0.7109375,0.7109375
2,0.025,B2,all,False,432,4,7,140,281,0.027777777777777776,0.36363636363636365,0.05161290322580645,0.024305555555555556,0.4934895833333333,0.4934895833333333
2,0.025,B3,harsh,False,216,3,3,69,141,0.041666666666666664,0.5,0.07692307692307693,0.020833333333333332,0.5161072530864198,0.5161072530864198
2,0.025,B3,standard,False,216,1,3,71,141,0.013888888888888888,0.25,0.02631578947368421,0.020833333333333332,0.44733796296296297,0.44733796296296297
2,0.025,P1,0,False,164,0,2,54,108,0.0,0.0,0.0,0.01818181818181818,0.4063973063973064,0.4063973063973064
2,0.025,P1,1,False,268,3,4,87,174,0.03333333333333333,0.42857142857142855,0.061855670103092786,0.02247191011235955,0.5290886392009988,0.5290886392009988
3,0.025,B1,all,False,432,21,7,123,281,0.14583333333333334,0.75,0.2441860465116279,0.024305555555555556,0.8269917052469136,0.8269917052469136
3,0.025,B2,all,False,432,12,7,132,281,0.08333333333333333,0.631578947368421,0.147239263803681,0.024305555555555556,0.5717351466049383,0.5717351466049383
3,0.025,B3,harsh,False,216,8,3,64,141,0.1111111111111111,0.7272727272727273,0.1927710843373494,0.020833333333333332,0.6630015432098766,0.6630015432098766
3,0.025,B3,standard,False,216,3,3,69,141,0.041666666666666664,0.5,0.07692307692307693,0.020833333333333332,0.46238425925925924,0.46238425925925924
3,0.025,P1,0,False,164,2,2,52,108,0.037037037037037035,0.5,0.06896551724137931,0.01818181818181818,0.431986531986532,0.431986531986532
3,0.025,P1,1,False,268,11,4,79,174,0.12222222222222222,0.7333333333333333,0.20952380952380953,0.02247191011235955,0.6466916354556804,0.6466916354556804
4,0.025,B1,all,False,432,6,7,138,281,0.041666666666666664,0.46153846153846156,0.07643312101910828,0.024305555555555556,0.47393422067901236,0.47393422067901236
4,0.025,B2,all,False,432,6,7,138,281,0.041666666666666664,0.46153846153846156,0.07643312101910828,0.024305555555555556,0.47183641975308643,0.47183641975308643
4,0.025,B3,harsh,False,216,3,3,69,141,0.041666666666666664,0.5,0.07692307692307693,0.020833333333333332,0.5393518518518519,0.5393518518518519
4,0.025,B3,standard,False,216,0,3,72,141,0.0,0.0,0.0,0.020833333333333332,0.3908179012345679,0.3908179012345679
4,0.025,P1,0,False,164,0,2,54,108,0.0,0.0,0.0,0.01818181818181818,0.34915824915824917,0.34915824915824917
4,0.025,P1,1,False,268,6,4,84,174,0.06666666666666667,0.6,0.12,0.02247191011235955,0.5320848938826467,0.5320848938826467
0,0.05,B1,all,False,432,11,14,133,274,0.0763888888888889,0.44,0.1301775147928994,0.04861111111111111,0.48811246141975306,0.48811246141975306
0,0.05,B2,all,False,432,8,14,136,274,0.05555555555555555,0.36363636363636365,0.0963855421686747,0.04861111111111111,0.5007716049382716,0.5007716049382716
0,0.05,B3,harsh,False,216,3,7,69,137,0.041666666666666664,0.3,0.07317073170731707,0.04861111111111111,0.5384837962962963,0.5384837962962963
0,0.05,B3,standard,False,216,2,7,70,137,0.027777777777777776,0.2222222222222222,0.04938271604938271,0.04861111111111111,0.4554398148148148,0.4554398148148148
0,0.05,P1,0,False,164,2,5,52,105,0.037037037037037035,0.2857142857142857,0.06557377049180328,0.045454545454545456,0.419023569023569,0.419023569023569
0,0.05,P1,1,False,268,4,8,86,170,0.044444444444444446,0.3333333333333333,0.0784313725490196,0.0449438202247191,0.5390761548064918,0.5390761548064918
1,0.05,B1,all,False,432,13,14,131,274,0.09027777777777778,0.48148148148148145,0.15204678362573099,0.04861111111111111,0.568407600308642,0.568407600308642
1,0.05,B2,all,False,432,11,14,133,274,0.0763888888888889,0.44,0.1301775147928994,0.04861111111111111,0.5979456018518519,0.5979456018518519
1,0.05,B3,harsh,False,216,10,7,62,137,0.1388888888888889,0.5882352941176471,0.2247191011235955,0.04861111111111111,0.6490162037037037,0.6490162037037037
1,0.05,B3,standard,False,216,2,7,70,137,0.027777777777777776,0.2222222222222222,0.04938271604938271,0.04861111111111111,0.5530478395061729,0.5530478395061729
1,0.05,P1,0,False,164,0,5,54,105,0.0,0.0,0.0,0.045454545454545456,0.557070707070707,0.557070707070707
1,0.05,P1,1,False,268,11,8,79,170,0.12222222222222222,0.5789473684210527,0.2018348623853211,0.0449438202247191,0.6343320848938826,0.6343320848938826
2,0.05,B1,all,False,432,24,14,120,274,0.16666666666666666,0.631578947368421,0.26373626373626374,0.04861111111111111,0.7109375,0.7109375
2,0.05,B2,all,False,432,8,14,136,274,0.05555555555555555,0.36363636363636365,0.0963855421686747,0.04861111111111111,0.4934895833333333,0.4934895833333333
2,0.05,B3,harsh,False,216,4,7,68,137,0.05555555555555555,0.36363636363636365,0.0963855421686747,0.04861111111111111,0.5161072530864198,0.5161072530864198
2,0.05,B3,standard,False,216,3,7,69,137,0.041666666666666664,0.3,0.07317073170731707,0.04861111111111111,0.44733796296296297,0.44733796296296297
2,0.05,P1,0,False,164,1,5,53,105,0.018518518518518517,0.16666666666666666,0.03333333333333333,0.045454545454545456,0.4063973063973064,0.4063973063973064
2,0.05,P1,1,False,268,4,8,86,170,0.044444444444444446,0.3333333333333333,0.0784313725490196,0.0449438202247191,0.5290886392009988,0.5290886392009988
3,0.05,B1,all,False,432,38,14,106,274,0.2638888888888889,0.7307692307692307,0.3877551020408163,0.04861111111111111,0.8269917052469136,0.8269917052469136
3,0.05,B2,all,False,432,17,14,127,274,0.11805555555555555,0.5483870967741935,0.19428571428571428,0.04861111111111111,0.5717351466049383,0.5717351466049383
3,0.05,B3,harsh,False,216,12,7,60,137,0.16666666666666666,0.631578947368421,0.26373626373626374,0.04861111111111111,0.6630015432098766,0.6630015432098766
3,0.05,B3,standard,False,216,6,7,66,137,0.08333333333333333,0.46153846153846156,0.1411764705882353,0.04861111111111111,0.46238425925925924,0.46238425925925924
3,0.05,P1,0,False,164,3,5,51,105,0.05555555555555555,0.375,0.0967741935483871,0.045454545454545456,0.431986531986532,0.431986531986532
3,0.05,P1,1,False,268,13,8,77,170,0.14444444444444443,0.6190476190476191,0.23423423423423423,0.0449438202247191,0.6466916354556804,0.6466916354556804
4,0.05,B1,all,False,432,11,14,133,274,0.0763888888888889,0.44,0.1301775147928994,0.04861111111111111,0.47393422067901236,0.47393422067901236
4,0.05,B2,all,False,432,14,14,130,274,0.09722222222222222,0.5,0.16279069767441862,0.04861111111111111,0.47183641975308643,0.47183641975308643
4,0.05,B3,harsh,False,216,12,7,60,137,0.16666666666666666,0.631578947368421,0.26373626373626374,0.04861111111111111,0.5393518518518519,0.5393518518518519
4,0.05,B3,standard,False,216,4,7,68,137,0.05555555555555555,0.36363636363636365,0.0963855421686747,0.04861111111111111,0.3908179012345679,0.3908179012345679
4,0.05,P1,0,False,164,1,5,53,105,0.018518518518518517,0.16666666666666666,0.03333333333333333,0.045454545454545456,0.34915824915824917,0.34915824915824917
4,0.05,P1,1,False,268,12,8,78,170,0.13333333333333333,0.6,0.21818181818181817,0.0449438202247191,0.5320848938826467,0.5320848938826467
0,0.1,B1,all,False,432,19,28,125,260,0.13194444444444445,0.40425531914893614,0.19895287958115182,0.09722222222222222,0.48811246141975306,0.48811246141975306
0,0.1,B2,all,False,432,13,28,131,260,0.09027777777777778,0.3170731707317073,0.14054054054054055,0.09722222222222222,0.5007716049382716,0.5007716049382716
0,0.1,B3,harsh,False,216,8,14,64,130,0.1111111111111111,0.36363636363636365,0.1702127659574468,0.09722222222222222,0.5384837962962963,0.5384837962962963
0,0.1,B3,standard,False,216,5,14,67,130,0.06944444444444445,0.2631578947368421,0.10989010989010989,0.09722222222222222,0.4554398148148148,0.4554398148148148
0,0.1,P1,0,False,164,4,11,50,99,0.07407407407407407,0.26666666666666666,0.11594202898550725,0.1,0.419023569023569,0.419023569023569
0,0.1,P1,1,False,268,9,17,81,161,0.1,0.34615384615384615,0.15517241379310345,0.09550561797752809,0.5390761548064918,0.5390761548064918
1,0.1,B1,all,False,432,17,28,127,260,0.11805555555555555,0.37777777777777777,0.17989417989417988,0.09722222222222222,0.568407600308642,0.568407600308642
1,0.1,B2,all,False,432,21,28,123,260,0.14583333333333334,0.42857142857142855,0.21761658031088082,0.09722222222222222,0.5979456018518519,0.5979456018518519
1,0.1,B3,harsh,False,216,16,14,56,130,0.2222222222222222,0.5333333333333333,0.3137254901960784,0.09722222222222222,0.6490162037037037,0.6490162037037037
1,0.1,B3,standard,False,216,8,14,64,130,0.1111111111111111,0.36363636363636365,0.1702127659574468,0.09722222222222222,0.5530478395061729,0.5530478395061729
1,0.1,P1,0,False,164,2,11,52,99,0.037037037037037035,0.15384615384615385,0.05970149253731343,0.1,0.557070707070707,0.557070707070707
1,0.1,P1,1,False,268,19,17,71,161,0.2111111111111111,0.5277777777777778,0.30158730158730157,0.09550561797752809,0.6343320848938826,0.6343320848938826
2,0.1,B1,all,False,432,34,28,110,260,0.2361111111111111,0.5483870967741935,0.3300970873786408,0.09722222222222222,0.7109375,0.7109375
2,0.1,B2,all,False,432,11,28,133,260,0.0763888888888889,0.28205128205128205,0.12021857923497267,0.09722222222222222,0.4934895833333333,0.4934895833333333
2,0.1,B3,harsh,False,216,8,14,64,130,0.1111111111111111,0.36363636363636365,0.1702127659574468,0.09722222222222222,0.5161072530864198,0.5161072530864198
2,0.1,B3,standard,False,216,7,14,65,130,0.09722222222222222,0.3333333333333333,0.15053763440860216,0.09722222222222222,0.44733796296296297,0.44733796296296297
2,0.1,P1,0,False,164,3,11,51,99,0.05555555555555555,0.21428571428571427,0.08823529411764706,0.1,0.4063973063973064,0.4063973063973064
2,0.1,P1,1,False,268,9,17,81,161,0.1,0.34615384615384615,0.15517241379310345,0.09550561797752809,0.5290886392009988,0.5290886392009988
3,0.1,B1,all,False,432,70,28,74,260,0.4861111111111111,0.7142857142857143,0.5785123966942148,0.09722222222222222,0.8269917052469136,0.8269917052469136
3,0.1,B2,all,False,432,27,28,117,260,0.1875,0.4909090909090909,0.271356783919598,0.09722222222222222,0.5717351466049383,0.5717351466049383
3,0.1,B3,harsh,False,216,16,14,56,130,0.2222222222222222,0.5333333333333333,0.3137254901960784,0.09722222222222222,0.6630015432098766,0.6630015432098766
3,0.1,B3,standard,False,216,9,14,63,130,0.125,0.391304347826087,0.18947368421052632,0.09722222222222222,0.46238425925925924,0.46238425925925924
3,0.1,P1,0,False,164,6,11,48,99,0.1111111111111111,0.35294117647058826,0.16901408450704225,0.1,0.431986531986532,0.431986531986532
3,0.1,P1,1,False,268,17,17,73,161,0.18888888888888888,0.5,0.27419354838709675,0.09550561797752809,0.6466916354556804,0.6466916354556804
4,0.1,B1,all,False,432,15,28,129,260,0.10416666666666667,0.3488372093023256,0.16042780748663102,0.09722222222222222,0.47393422067901236,0.47393422067901236
4,0.1,B2,all,False,432,21,28,123,260,0.14583333333333334,0.42857142857142855,0.21761658031088082,0.09722222222222222,0.47183641975308643,0.47183641975308643
4,0.1,B3,harsh,False,216,14,14,58,130,0.19444444444444445,0.5,0.28,0.09722222222222222,0.5393518518518519,0.5393518518518519
4,0.1,B3,standard,False,216,6,14,66,130,0.08333333333333333,0.3,0.13043478260869565,0.09722222222222222,0.3908179012345679,0.3908179012345679
4,0.1,P1,0,False,164,3,11,51,99,0.05555555555555555,0.21428571428571427,0.08823529411764706,0.1,0.34915824915824917,0.34915824915824917
4,0.1,P1,1,False,268,14,17,76,161,0.15555555555555556,0.45161290322580644,0.23140495867768596,0.09550561797752809,0.5320848938826467,0.5320848938826467
0,0.15,B1,all,False,432,19,43,125,245,0.13194444444444445,0.3064516129032258,0.18446601941747573,0.14930555555555555,0.48811246141975306,0.48811246141975306
0,0.15,B2,all,False,432,18,43,126,245,0.125,0.29508196721311475,0.17560975609756097,0.14930555555555555,0.5007716049382716,0.5007716049382716
0,0.15,B3,harsh,False,216,11,21,61,123,0.1527777777777778,0.34375,0.21153846153846154,0.14583333333333334,0.5384837962962963,0.5384837962962963
0,0.15,B3,standard,False,216,11,21,61,123,0.1527777777777778,0.34375,0.21153846153846154,0.14583333333333334,0.4554398148148148,0.4554398148148148
0,0.15,P1,0,False,164,8,16,46,94,0.14814814814814814,0.3333333333333333,0.20512820512820512,0.14545454545454545,0.419023569023569,0.419023569023569
0,0.15,P1,1,False,268,13,26,77,152,0.14444444444444443,0.3333333333333333,0.20155038759689922,0.14606741573033707,0.5390761548064918,0.5390761548064918
1,0.15,B1,all,False,432,38,43,106,245,0.2638888888888889,0.4691358024691358,0.3377777777777778,0.14930555555555555,0.568407600308642,0.568407600308642
1,0.15,B2,all,False,432,36,43,108,245,0.25,0.45569620253164556,0.32286995515695066,0.14930555555555555,0.5979456018518519,0.5979456018518519
1,0.15,B3,harsh,False,216,23,21,49,123,0.3194444444444444,0.5227272727272727,0.39655172413793105,0.14583333333333334,0.6490162037037037,0.6490162037037037
1,0.15,B3,standard,False,216,11,21,61,123,0.1527777777777778,0.34375,0.21153846153846154,0.14583333333333334,0.5530478395061729,0.5530478395061729
1,0.15,P1,0,False,164,8,16,46,94,0.14814814814814814,0.3333333333333333,0.20512820512820512,0.14545454545454545,0.557070707070707,0.557070707070707
1,0.15,P1,1,False,268,28,26,62,152,0.3111111111111111,0.5185185185185185,0.3888888888888889,0.14606741573033707,0.6343320848938826,0.6343320848938826
2,0.15,B1,all,False,432,58,43,86,245,0.4027777777777778,0.5742574257425742,0.47346938775510206,0.14930555555555555,0.7109375,0.7109375
2,0.15,B2,all,False,432,21,43,123,245,0.14583333333333334,0.328125,0.20192307692307693,0.14930555555555555,0.4934895833333333,0.4934895833333333
2,0.15,B3,harsh,False,216,9,21,63,123,0.125,0.3,0.17647058823529413,0.14583333333333334,0.5161072530864198,0.5161072530864198
2,0.15,B3,standard,False,216,10,21,62,123,0.1388888888888889,0.3225806451612903,0.1941747572815534,0.14583333333333334,0.44733796296296297,0.44733796296296297
2,0.15,P1,0,False,164,5,16,49,94,0.09259259259259259,0.23809523809523808,0.13333333333333333,0.14545454545454545,0.4063973063973064,0.4063973063973064
2,0.15,P1,1,False,268,11,26,79,152,0.12222222222222222,0.2972972972972973,0.1732283464566929,0.14606741573033707,0.5290886392009988,0.5290886392009988
3,0.15,B1,all,False,432,90,43,54,245,0.625,0.6766917293233082,0.6498194945848376,0.14930555555555555,0.8269917052469136,0.8269917052469136
3,0.15,B2,all,False,432,37,43,107,245,0.2569444444444444,0.4625,0.33035714285714285,0.14930555555555555,0.5717351466049383,0.5717351466049383
3,0.15,B3,harsh,False,216,22,21,50,123,0.3055555555555556,0.5116279069767442,0.3826086956521739,0.14583333333333334,0.6630015432098766,0.6630015432098766
3,0.15,B3,standard,False,216,12,21,60,123,0.16666666666666666,0.36363636363636365,0.22857142857142856,0.14583333333333334,0.46238425925925924,0.46238425925925924
3,0.15,P1,0,False,164,9,16,45,94,0.16666666666666666,0.36,0.22784810126582278,0.14545454545454545,0.431986531986532,0.431986531986532
3,0.15,P1,1,False,268,28,26,62,152,0.3111111111111111,0.5185185185185185,0.3888888888888889,0.14606741573033707,0.6466916354556804,0.6466916354556804
4,0.15,B1,all,False,432,19,43,125,245,0.13194444444444445,0.3064516129032258,0.18446601941747573,0.14930555555555555,0.47393422067901236,0.47393422067901236
4,0.15,B2,all,False,432,28,43,116,245,0.19444444444444445,0.39436619718309857,0.26046511627906976,0.14930555555555555,0.47183641975308643,0.47183641975308643
4,0.15,B3,harsh,False,216,14,21,58,123,0.19444444444444445,0.4,0.2616822429906542,0.14583333333333334,0.5393518518518519,0.5393518518518519
4,0.15,B3,standard,False,216,6,21,66,123,0.08333333333333333,0.2222222222222222,0.12121212121212122,0.14583333333333334,0.3908179012345679,0.3908179012345679
4,0.15,P1,0,False,164,4,16,50,94,0.07407407407407407,0.2,0.10810810810810811,0.14545454545454545,0.34915824915824917,0.34915824915824917
4,0.15,P1,1,False,268,23,26,67,152,0.25555555555555554,0.46938775510204084,0.33093525179856115,0.14606741573033707,0.5320848938826467,0.5320848938826467
0,0.2,B1,all,False,432,22,57,122,231,0.1527777777777778,0.27848101265822783,0.19730941704035873,0.19791666666666666,0.48811246141975306,0.48811246141975306
0,0.2,B2,all,False,432,30,57,114,231,0.20833333333333334,0.3448275862068966,0.2597402597402597,0.19791666666666666,0.5007716049382716,0.5007716049382716
0,0.2,B3,harsh,False,216,14,28,58,116,0.19444444444444445,0.3333333333333333,0.24561403508771928,0.19444444444444445,0.5384837962962963,0.5384837962962963
0,0.2,B3,standard,False,216,13,28,59,116,0.18055555555555555,0.3170731707317073,0.23008849557522124,0.19444444444444445,0.4554398148148148,0.4554398148148148
0,0.2,P1,0,False,164,9,22,45,88,0.16666666666666666,0.2903225806451613,0.21176470588235294,0.2,0.419023569023569,0.419023569023569
0,0.2,P1,1,False,268,16,35,74,143,0.17777777777777778,0.3137254901960784,0.22695035460992907,0.19662921348314608,0.5390761548064918,0.5390761548064918
1,0.2,B1,all,False,432,43,57,101,231,0.2986111111111111,0.43,0.3524590163934426,0.19791666666666666,0.568407600308642,0.568407600308642
1,0.2,B2,all,False,432,49,57,95,231,0.3402777777777778,0.46226415094339623,0.392,0.19791666666666666,0.5979456018518519,0.5979456018518519
1,0.2,B3,harsh,False,216,29,28,43,116,0.4027777777777778,0.5087719298245614,0.4496124031007752,0.19444444444444445,0.6490162037037037,0.6490162037037037
1,0.2,B3,standard,False,216,20,28,52,116,0.2777777777777778,0.4166666666666667,0.3333333333333333,0.19444444444444445,0.5530478395061729,0.5530478395061729
1,0.2,P1,0,False,164,15,22,39,88,0.2777777777777778,0.40540540540540543,0.32967032967032966,0.2,0.557070707070707,0.557070707070707
1,0.2,P1,1,False,268,36,35,54,143,0.4,0.5070422535211268,0.4472049689440994,0.19662921348314608,0.6343320848938826,0.6343320848938826
2,0.2,B1,all,False,432,71,57,73,231,0.4930555555555556,0.5546875,0.5220588235294118,0.19791666666666666,0.7109375,0.7109375
2,0.2,B2,all,False,432,29,57,115,231,0.2013888888888889,0.3372093023255814,0.25217391304347825,0.19791666666666666,0.4934895833333333,0.4934895833333333
2,0.2,B3,harsh,False,216,11,28,61,116,0.1527777777777778,0.28205128205128205,0.1981981981981982,0.19444444444444445,0.5161072530864198,0.5161072530864198
2,0.2,B3,standard,False,216,12,28,60,116,0.16666666666666666,0.3,0.21428571428571427,0.19444444444444445,0.44733796296296297,0.44733796296296297
2,0.2,P1,0,False,164,7,22,47,88,0.12962962962962962,0.2413793103448276,0.1686746987951807,0.2,0.4063973063973064,0.4063973063973064
2,0.2,P1,1,False,268,13,35,77,143,0.14444444444444443,0.2708333333333333,0.18840579710144928,0.19662921348314608,0.5290886392009988,0.5290886392009988
3,0.2,B1,all,False,432,98,57,46,231,0.6805555555555556,0.632258064516129,0.6555183946488294,0.19791666666666666,0.8269917052469136,0.8269917052469136
3,0.2,B2,all,False,432,42,57,102,231,0.2916666666666667,0.42424242424242425,0.345679012345679,0.19791666666666666,0.5717351466049383,0.5717351466049383
3,0.2,B3,harsh,False,216,28,28,44,116,0.3888888888888889,0.5,0.4375,0.19444444444444445,0.6630015432098766,0.6630015432098766
3,0.2,B3,standard,False,216,15,28,57,116,0.20833333333333334,0.3488372093023256,0.2608695652173913,0.19444444444444445,0.46238425925925924,0.46238425925925924
3,0.2,P1,0,False,164,10,22,44,88,0.18518518518518517,0.3125,0.23255813953488372,0.2,0.431986531986532,0.431986531986532
3,0.2,P1,1,False,268,32,35,58,143,0.35555555555555557,0.47761194029850745,0.40764331210191085,0.19662921348314608,0.6466916354556804,0.6466916354556804
4,0.2,B1,all,False,432,24,57,120,231,0.16666666666666666,0.2962962962962963,0.21333333333333335,0.19791666666666666,0.47393422067901236,0.47393422067901236
4,0.2,B2,all,False,432,34,57,110,231,0.2361111111111111,0.37362637362637363,0.28936170212765955,0.19791666666666666,0.47183641975308643,0.47183641975308643
4,0.2,B3,harsh,False,216,22,28,50,116,0.3055555555555556,0.44,0.36065573770491804,0.19444444444444445,0.5393518518518519,0.5393518518518519
4,0.2,B3,standard,False,216,6,28,66,116,0.08333333333333333,0.17647058823529413,0.11320754716981132,0.19444444444444445,0.3908179012345679,0.3908179012345679
4,0.2,P1,0,False,164,4,22,50,88,0.07407407407407407,0.15384615384615385,0.1,0.2,0.34915824915824917,0.34915824915824917
4,0.2,P1,1,False,268,25,35,65,143,0.2777777777777778,0.4166666666666667,0.3333333333333333,0.19662921348314608,0.5320848938826467,0.5320848938826467
