budget,method,scope,facility,geometry,n_seeds,recall_n_defined,recall_mean,recall_std,precision_n_defined,precision_mean,precision_std,f1_n_defined,f1_mean,f1_std,auroc_n_defined,auroc_mean,auroc_std,margin_auroc_n_defined,margin_auroc_mean,margin_auroc_std,false_positive_rate_n_defined,false_positive_rate_mean,false_positive_rate_std
0.01,P1_minus_B3,all,__all__,__all__,5,5,0.0,0.0,5,0.02736425339366515,0.09030933797147409,5,2.8955058045279646e-05,0.00017047871195087323,5,0.0,0.0,5,-0.002024332682291674,0.005577132177874593,5,-0.0005208333333333334,0.0019747071468884246
0.01,P1_minus_B3,seen,__all__,__all__,5,5,0.0,0.0,5,0.007509157509157505,0.05503807754400067,5,-7.634659459015148e-05,0.00039866484164391625,5,0.0,0.0,5,-0.007166280864197549,0.009254397776135688,5,0.0,0.0024552318791199565
0.01,P1_minus_B3,seen,__all__,central_furniture,5,5,0.0,0.0,5,0.05,0.11180339887498951,5,0.0004524886877828038,0.0010117954649320278,5,0.0,0.0,5,-0.013281249999999977,0.006808151476630251,5,-0.0020833333333333333,0.004658474953124562
0.01,P1_minus_B3,seen,__all__,clear,5,5,0.0,0.0,5,-0.012121212121212133,0.027103854272724753,5,-0.0009039548022598875,0.0020213043864404892,5,0.0,0.0,5,0.0007378472222222098,0.0028896277371318235,5,0.002083333333333333,0.004658474953124561
0.01,P1_minus_B3,seen,__all__,vertical_mid,5,5,0.0,0.0,1,,,5,0.0,0.0,5,0.0,0.0,5,0.008246527777777813,0.013050638630195897,5,0.0,0.0
0.01,P1_minus_B3,seen,harsh,__all__,5,5,0.0,0.0,5,-0.0505194805194805,0.048637187238358026,5,-0.0013200935883081633,0.0012367105293241399,5,0.0,0.0,5,-0.0018132716049382934,0.0007067928611327484,5,0.004166666666666667,0.0038036288715636536
0.01,P1_minus_B3,seen,harsh,central_furniture,5,5,0.0,0.0,5,0.0,0.0,5,0.0,0.0,5,0.0,0.0,5,0.0,0.0,5,0.0,0.0
0.01,P1_minus_B3,seen,harsh,clear,5,5,0.0,0.0,5,-0.08111111111111109,0.10240924919648448,5,-0.0065783889313301095,0.006410029240003864,5,0.0,0.0,5,-0.003819444444444442,0.0027174437226560183,5,0.012499999999999999,0.01141088661469096
0.01,P1_minus_B3,seen,harsh,vertical_mid,5,5,0.0,0.0,0,,,5,0.0,0.0,5,0.0,0.0,5,-0.001388888888888884,0.0015769012260924303,5,0.0,0.0
0.01,P1_minus_B3,seen,standard,__all__,5,5,0.0,0.0,5,0.0,0.0,5,0.0,0.0,5,0.0,0.0,5,-0.023051697530864224,0.02323048707829711,5,-0.004166666666666667,0.0038036288715636536
0.01,P1_minus_B3,seen,standard,central_furniture,5,5,0.0,0.0,1,,,5,0.0,0.0,5,0.0,0.0,5,-0.03975694444444443,0.022928829369208637,5,-0.004166666666666667,0.009316949906249124
0.01,P1_minus_B3,seen,standard,clear,5,5,0.0,0.0,5,0.0,0.0,5,0.0,0.0,5,0.0,0.0,5,0.004861111111111105,0.002500843800501385,5,-0.008333333333333333,0.01141088661469096
0.01,P1_minus_B3,seen,standard,vertical_mid,5,5,0.0,0.0,1,,,5,0.0,0.0,5,0.0,0.0,5,-0.04149305555555555,0.05042349347336658,5,0.0,0.0
0.01,P1_minus_B3,unseen,__all__,__all__,5,5,0.0,0.0,5,0.06666666666666668,0.149071198499986,5,5.331200852992102e-05,0.00011920927508995203,5,0.0,0.0,5,0.0023645833333333366,0.0032802026547179047,5,-0.0008333333333333333,0.0018633899812498245
0.01,P1_minus_B3,unseen,__all__,horizontal_new,5,5,0.0,0.0,0,,,5,0.0,0.0,5,0.0,0.0,5,0.04327256944444442,0.014068794673147008,5,0.0,0.0
0.01,P1_minus_B3,unseen,__all__,low_new,5,5,0.0,0.0,5,0.1,0.22360679774997902,5,0.00016326530612244817,0.0003650723228571067,5,0.0,0.0,5,0.010199652777777813,0.0019104618990515583,5,-0.0020833333333333333,0.004658474953124562
0.01,P1_minus_B3,unseen,__all__,two_new,5,5,0.0,0.0,4,,,5,0.0,0.0,5,0.0,0.0,5,0.0050347222222222095,0.0032129783894655904,5,0.0,0.0
0.01,P1_minus_B3,unseen,__all__,vertical_new,5,5,0.0,0.0,1,,,5,0.0,0.0,5,0.0,0.0,5,0.003993055555555558,0.008602349530815874,5,0.0,0.0
0.01,P1_minus_B3,unseen,__all__,wide_new,5,5,0.0,0.0,4,,,5,0.000313725490196079,0.0007015115223528764,5,0.0,0.0,5,-0.018619791666666673,0.00943873214007757,5,-0.0020833333333333333,0.004658474953124562
0.01,P1_minus_B3,unseen,harsh,__all__,5,5,0.0,0.0,5,0.0,0.0,5,0.0,0.0,5,0.0,0.0,5,-0.0028055555555555277,0.0014411604629388888,5,0.0,0.0
0.01,P1_minus_B3,unseen,harsh,horizontal_new,5,5,0.0,0.0,0,,,5,0.0,0.0,5,0.0,0.0,5,-0.02083333333333337,0.01169461248724604,5,0.0,0.0
0.01,P1_minus_B3,unseen,harsh,low_new,5,5,0.0,0.0,5,0.0,0.0,5,0.0,0.0,5,0.0,0.0,5,0.0,0.0,5,0.0,0.0
0.01,P1_minus_B3,unseen,harsh,two_new,5,5,0.0,0.0,4,,,5,0.0,0.0,5,0.0,0.0,5,0.0,0.0,5,0.0,0.0
0.01,P1_minus_B3,unseen,harsh,vertical_new,5,5,0.0,0.0,0,,,5,0.0,0.0,5,0.0,0.0,5,0.0,0.0,5,0.0,0.0
0.01,P1_minus_B3,unseen,harsh,wide_new,5,5,0.0,0.0,4,,,5,0.0,0.0,5,0.0,0.0,5,0.0,0.0,5,0.0,0.0
0.01,P1_minus_B3,unseen,standard,__all__,5,5,0.0,0.0,1,,,5,0.0,0.0,5,0.0,0.0,5,-0.010062500000000007,0.020284471402838983,5,-0.0016666666666666666,0.003726779962499649
0.01,P1_minus_B3,unseen,standard,horizontal_new,5,5,0.0,0.0,0,,,5,0.0,0.0,5,0.0,0.0,5,0.05555555555555554,0.04132619138426263,5,0.0,0.0
0.01,P1_minus_B3,unseen,standard,low_new,5,5,0.0,0.0,0,,,5,0.0,0.0,5,0.0,0.0,5,0.010069444444444442,0.011294733806822324,5,-0.004166666666666667,0.009316949906249124
0.01,P1_minus_B3,unseen,standard,two_new,5,5,0.0,0.0,0,,,5,0.0,0.0,5,0.0,0.0,5,0.004513888888888884,0.01430844175981917,5,0.0,0.0
0.01,P1_minus_B3,unseen,standard,vertical_new,5,5,0.0,0.0,1,,,5,0.0,0.0,5,0.0,0.0,5,-0.05902777777777777,0.04930754226239968,5,0.0,0.0
0.01,P1_minus_B3,unseen,standard,wide_new,5,5,0.0,0.0,1,,,5,0.0,0.0,5,0.0,0.0,5,-0.045138888888888895,0.023796441253251407,5,-0.004166666666666667,0.009316949906249124
0.025,P1_minus_B3,all,__all__,__all__,5,5,0.009375,0.004730703678277332,5,0.0077741974800798145,0.09306730525126258,5,0.0165449021174393,0.00869151528116795,5,0.0,0.0,5,0.0007039388020833482,0.0044208151359201924,5,0.002083333333333333,0.004837024901303831
0.025,P1_minus_B3,seen,__all__,__all__,5,5,0.011111111111111112,0.009316949906249124,5,-0.022294871794871763,0.09461864703256716,5,0.017445124725369472,0.01758598615054137,5,0.0,0.0,5,-0.0032841435185185343,0.007928873599322905,5,0.006944444444444445,0.00850517271799715
0.025,P1_minus_B3,seen,__all__,central_furniture,5,5,0.016666666666666666,0.01743041721945991,5,0.040000000000000036,0.14462595433277758,5,0.028199120318987126,0.0310121183871626,5,0.0,0.0,5,-0.00772569444444442,0.009803648967734465,5,0.0,0.00736569563735987
0.025,P1_minus_B3,seen,__all__,clear,5,5,0.012500000000000002,0.011410886614690963,5,-0.04395363408521304,0.05833843578660685,5,0.011912876662483885,0.018718654219625146,5,0.0,0.0,5,0.0003472222222222321,0.0017197580517498807,5,0.01875,0.022582795196540415
0.025,P1_minus_B3,seen,__all__,vertical_mid,5,5,0.004166666666666667,0.009316949906249124,1,,,5,0.007686274509803921,0.01718703229764544,5,0.0,0.0,5,0.012022569444444464,0.010268220323929374,5,0.0020833333333333333,0.004658474953124562
0.025,P1_minus_B3,seen,harsh,__all__,5,5,0.022222222222222223,0.018633899812498248,5,-0.10142326272761056,0.07866991118022447,5,0.02710634655611876,0.034558866661139005,5,0.0,0.0,5,-0.0010609567901234795,0.0008155639720914523,5,0.018055555555555554,0.015987311712807414
0.025,P1_minus_B3,seen,harsh,central_furniture,5,5,0.03333333333333333,0.03486083443891982,5,-0.006666666666666643,0.09617692030835671,5,0.04750115784598542,0.05359474705767348,5,0.0,0.0,5,0.0,0.0,5,0.004166666666666667,0.009316949906249124
0.025,P1_minus_B3,seen,harsh,clear,5,5,0.025000000000000005,0.022821773229381927,5,-0.12031728075845724,0.06845807846191511,5,0.0068566832400870584,0.04050111735922256,5,0.0,0.0,5,-0.002256944444444464,0.002575068919130429,5,0.04583333333333334,0.04516559039308083
0.025,P1_minus_B3,seen,harsh,vertical_mid,5,5,0.008333333333333333,0.018633899812498248,1,,,5,0.01476923076923077,0.033025003975381516,5,0.0,0.0,5,-0.0008680555555555358,0.001063146589749628,5,0.004166666666666667,0.009316949906249124
0.025,P1_minus_B3,seen,standard,__all__,5,5,0.0,0.0,5,0.0,0.0,5,0.0,0.0,5,0.0,0.0,5,-0.020081018518518533,0.018310178681981863,5,-0.004166666666666667,0.0038036288715636536
0.025,P1_minus_B3,seen,standard,central_furniture,5,5,0.0,0.0,1,,,5,0.0,0.0,5,0.0,0.0,5,-0.031076388888888907,0.025643659929116713,5,-0.004166666666666667,0.009316949906249124
0.025,P1_minus_B3,seen,standard,clear,5,5,0.0,0.0,5,0.0,0.0,5,0.0,0.0,5,0.0,0.0,5,0.003645833333333326,0.0028394838947562763,5,-0.008333333333333335,0.011410886614690962
0.025,P1_minus_B3,seen,standard,vertical_mid,5,5,0.0,0.0,1,,,5,0.0,0.0,5,0.0,0.0,5,-0.043923611111111094,0.03647176505224604,5,0.0,0.0
0.025,P1_minus_B3,unseen,__all__,__all__,5,5,0.008333333333333331,0.005892556509887895,5,0.04935064935064937,0.09649225866790505,5,0.015803302280926933,0.010951812217507446,5,0.0,0.0,5,0.0044045138888888944,0.003523950618415928,5,-0.0008333333333333335,0.00315953143502148
0.025,P1_minus_B3,unseen,__all__,horizontal_new,5,5,0.0,0.0,0,,,5,0.0,0.0,5,0.0,0.0,5,0.03897569444444442,0.02112215255305753,5,0.0,0.0
0.025,P1_minus_B3,unseen,__all__,low_new,5,5,0.020833333333333332,0.020833333333333336,5,0.07666666666666669,0.11279282877125754,5,0.03756085888637022,0.03737029014429907,5,0.0,0.0,5,0.008723958333333347,0.0010564810281804172,5,-0.0020833333333333333,0.004658474953124562
0.025,P1_minus_B3,unseen,__all__,two_new,5,5,0.004166666666666667,0.009316949906249124,5,-0.016666666666666673,0.20749832663314555,5,0.007975497891464277,0.01659794794694086,5,0.0,0.0,5,0.0052951388888889065,0.0039020280038616463,5,0.0,0.00736569563735987
0.025,P1_minus_B3,unseen,__all__,vertical_new,5,5,0.004166666666666667,0.009316949906249124,1,,,5,0.008,0.01788854381999832,5,0.0,0.0,5,0.0072916666666666295,0.006185086193464306,5,0.0,0.0
0.025,P1_minus_B3,unseen,__all__,wide_new,5,5,0.0125,0.018633899812498248,5,0.026666666666666682,0.059628479399994425,5,0.023761930768114375,0.03399628043586996,5,0.0,0.0,5,-0.01167534722222221,0.01184208025594705,5,-0.0020833333333333333,0.004658474953124562
0.025,P1_minus_B3,unseen,harsh,__all__,5,5,0.016666666666666663,0.01178511301977579,5,-0.054848484848484834,0.0837756854517522,5,0.029168489302542556,0.02089522358014799,5,0.0,0.0,5,-0.0020208333333333163,0.0013728237547945875,5,0.0025,0.003726779962499649
0.025,P1_minus_B3,unseen,harsh,horizontal_new,5,5,0.0,0.0,0,,,5,0.0,0.0,5,0.0,0.0,5,-0.015798611111111117,0.010969832062100076,5,0.0,0.0
0.025,P1_minus_B3,unseen,harsh,low_new,5,5,0.041666666666666664,0.04166666666666667,5,-0.07999999999999999,0.1095445115010332,5,0.06357559681697612,0.0689820081333065,5,0.0,0.0,5,0.0,0.0,5,0.008333333333333333,0.01141088661469096
0.025,P1_minus_B3,unseen,harsh,two_new,5,5,0.008333333333333333,0.018633899812498248,5,-0.06666666666666668,0.149071198499986,5,0.013629629629629627,0.03047677835999713,5,0.0,0.0,5,0.0,0.0,5,0.004166666666666667,0.009316949906249124
0.025,P1_minus_B3,unseen,harsh,vertical_new,5,5,0.008333333333333333,0.018633899812498248,0,,,5,0.016,0.03577708763999664,5,0.0,0.0,5,0.0,0.0,5,0.0,0.0
0.025,P1_minus_B3,unseen,harsh,wide_new,5,5,0.025,0.037267799624996496,5,0.0,0.0,5,0.04321367521367521,0.06392047071230769,5,0.0,0.0,5,0.0,0.0,5,0.0,0.0
0.025,P1_minus_B3,unseen,standard,__all__,5,5,0.0,0.0,1,,,5,0.0,0.0,5,0.0,0.0,5,-0.010729166666666668,0.012425147217313534,5,-0.0041666666666666675,0.005103103630798288
0.025,P1_minus_B3,unseen,standard,horizontal_new,5,5,0.0,0.0,0,,,5,0.0,0.0,5,0.0,0.0,5,0.03680555555555556,0.032806299017236515,5,0.0,0.0
0.025,P1_minus_B3,unseen,standard,low_new,5,5,0.0,0.0,0,,,5,0.0,0.0,5,0.0,0.0,5,0.008506944444444442,0.007168688479882868,5,-0.0125,0.01141088661469096
0.025,P1_minus_B3,unseen,standard,two_new,5,5,0.0,0.0,0,,,5,0.0,0.0,5,0.0,0.0,5,0.007291666666666674,0.010800229871524857,5,-0.004166666666666667,0.009316949906249124
0.025,P1_minus_B3,unseen,standard,vertical_new,5,5,0.0,0.0,1,,,5,0.0,0.0,5,0.0,0.0,5,-0.05815972222222221,0.04160785055974606,5,0.0,0.0
0.025,P1_minus_B3,unseen,standard,wide_new,5,5,0.0,0.0,1,,,5,0.0,0.0,5,0.0,0.0,5,-0.03472222222222221,0.027105026034715284,5,-0.004166666666666667,0.009316949906249124
0.05,P1_minus_B3,all,__all__,__all__,5,5,-0.002604166666666667,0.004871949722361902,5,0.03860549012173682,0.034840206004176984,5,-0.0033407713641734615,0.008038525140438381,5,0.0,0.0,5,0.0014105902777777901,0.0026313851636549966,5,-0.004166666666666666,0.0025046072996967915
0.05,P1_minus_B3,seen,__all__,__all__,5,5,-0.005555555555555555,0.007607257743127306,5,0.012959282263630089,0.036811605976787294,5,-0.007417004112711939,0.011765720694766871,5,0.0,0.0,5,-0.002256944444444464,0.005698948184779071,5,-0.004166666666666668,0.0057054433073454825
0.05,P1_minus_B3,seen,__all__,central_furniture,5,5,0.008333333333333333,0.01141088661469096,5,0.19976190476190475,0.20945006819230122,5,0.01811029703524632,0.020566360792824243,5,0.0,0.0,5,-0.0073784722222222324,0.006644666185935293,5,-0.016666666666666666,0.01743041721945991
0.05,P1_minus_B3,seen,__all__,clear,5,5,-0.025,0.01743041721945991,5,-0.03688095238095238,0.025654748094129542,5,-0.0315885666310478,0.021762537009113108,5,0.0,0.0,5,0.001258680555555558,0.0014830164551449376,5,0.002083333333333334,0.004658474953124564
0.05,P1_minus_B3,seen,__all__,vertical_mid,5,5,0.0,0.0,2,,,5,0.0,0.0,5,0.0,0.0,5,0.015798611111111117,0.012254465132763013,5,0.0020833333333333333,0.004658474953124562
0.05,P1_minus_B3,seen,harsh,__all__,5,5,0.005555555555555558,0.007607257743127311,5,-0.023457676476519217,0.03674200878922335,5,0.003961154459202804,0.013110849057902317,5,0.0,0.0,5,-0.0010416666666666964,0.0008023392879276789,5,0.008333333333333331,0.009054447785003677
0.05,P1_minus_B3,seen,harsh,central_furniture,5,5,0.016666666666666666,0.02282177322938192,5,-0.008571428571428586,0.03407341679999677,5,0.022288864414101606,0.03604238457655986,5,0.0,0.0,5,0.0,0.0,5,0.004166666666666666,0.009316949906249122
0.05,P1_minus_B3,seen,harsh,clear,5,5,0.0,0.0,5,-0.03161049476838951,0.029358311611431022,5,-0.009285564634401843,0.01022456238397504,5,0.0,0.0,5,-0.0024305555555555803,0.002408756410679083,5,0.016666666666666666,0.017430417219459905
0.05,P1_minus_B3,seen,harsh,vertical_mid,5,5,0.0,0.0,2,,,5,0.0,0.0,5,0.0,0.0,5,-0.0008680555555555358,0.001063146589749628,5,0.004166666666666667,0.009316949906249124
0.05,P1_minus_B3,seen,standard,__all__,5,5,-0.01666666666666667,0.011620278146306603,5,-0.1638095238095238,0.10370680807360877,5,-0.030139090095866877,0.020714296629179584,5,0.0,0.0,5,-0.019039351851851894,0.01697676081926901,5,-0.01666666666666667,0.01261520980873955
0.05,P1_minus_B3,seen,standard,central_furniture,5,5,0.0,0.0,1,,,5,0.0,0.0,5,0.0,0.0,5,-0.030208333333333347,0.025422322628887065,5,-0.0375,0.03090082702956526
0.05,P1_minus_B3,seen,standard,clear,5,5,-0.049999999999999996,0.03486083443891981,5,-0.2333333333333333,0.13693063937629152,5,-0.0819047619047619,0.055266823399825346,5,0.0,0.0,5,0.0038194444444444643,0.002500843800501358,5,-0.012499999999999999,0.01141088661469096
0.05,P1_minus_B3,seen,standard,vertical_mid,5,5,0.0,0.0,1,,,5,0.0,0.0,5,0.0,0.0,5,-0.039583333333333325,0.03282925975564167,5,0.0,0.0
0.05,P1_minus_B3,unseen,__all__,__all__,5,5,-0.0008333333333333318,0.009033118078616165,5,0.08354356256059041,0.0626205521544911,5,-0.0004327631271777599,0.01517621552079763,5,0.0,0.0,5,0.004828124999999961,0.0028278993178659745,5,-0.004166666666666666,0.0014731391274719742
0.05,P1_minus_B3,unseen,__all__,horizontal_new,5,5,-0.008333333333333333,0.018633899812498248,1,,,5,-0.014502404735479096,0.03242836282574611,5,0.0,0.0,5,0.037630208333333304,0.01652130028516102,5,0.0,0.0
0.05,P1_minus_B3,unseen,__all__,low_new,5,5,0.0,0.014731391274719736,5,0.13492063492063494,0.056855538693880325,5,0.00404121253486045,0.023650323418449096,5,0.0,0.0,5,0.009288194444444443,0.00687355308848231,5,-0.014583333333333334,0.005705443307345482
0.05,P1_minus_B3,unseen,__all__,two_new,5,5,0.0,0.0,5,0.11119047619047621,0.13697099846963484,5,0.0015221257552001182,0.0015191343317091338,5,0.0,0.0,5,0.007465277777777746,0.005542570409590981,5,-0.00625,0.00570544330734548
0.05,P1_minus_B3,unseen,__all__,vertical_new,5,5,0.0,0.0,2,,,5,0.0,0.0,5,0.0,0.0,5,0.008984375,0.00947384316455153,5,0.0,0.0
0.05,P1_minus_B3,unseen,__all__,wide_new,5,5,0.004166666666666666,0.017430417219459912,5,-0.0011111111111111072,0.06925620746628242,5,0.007175552021629483,0.027618088983782835,5,0.0,0.0,5,-0.011197916666666696,0.008295779913519534,5,3.4694469519536144e-19,0.007365695637359869
0.05,P1_minus_B3,unseen,harsh,__all__,5,5,0.005000000000000002,0.004564354645876386,5,-0.027962723550958857,0.05225698750172588,5,0.0067198766827143985,0.006298946680546723,5,0.0,0.0,5,-0.001986111111111111,0.0013965500509301573,5,0.003333333333333333,0.004564354645876384
0.05,P1_minus_B3,unseen,harsh,horizontal_new,5,5,0.0,0.0,1,,,5,0.0,0.0,5,0.0,0.0,5,-0.01527777777777779,0.01092164304691083,5,0.0,0.0
0.05,P1_minus_B3,unseen,harsh,low_new,5,5,0.008333333333333331,0.018633899812498245,5,0.008333333333333326,0.01863389981249823,5,0.010227272727272729,0.02286887704261149,5,0.0,0.0,5,0.0,0.0,5,0.0,0.0
0.05,P1_minus_B3,unseen,harsh,two_new,5,5,0.0,0.0,5,-0.0638095238095238,0.09194299722778795,5,-0.004120980984162292,0.0056518593496028184,5,0.0,0.0,5,0.0,0.0,5,0.008333333333333333,0.01141088661469096
0.05,P1_minus_B3,unseen,harsh,vertical_new,5,5,0.0,0.0,2,,,5,0.0,0.0,5,0.0,0.0,5,0.0,0.0,5,0.0,0.0
0.05,P1_minus_B3,unseen,harsh,wide_new,5,5,0.01666666666666667,0.022821773229381923,5,-0.030952380952380953,0.06933437989790972,5,0.01950844854070661,0.03235349787121692,5,0.0,0.0,5,0.0,0.0,5,0.008333333333333333,0.01141088661469096
0.05,P1_minus_B3,unseen,standard,__all__,5,5,-0.006666666666666666,0.014907119849998596,1,,,5,-0.011800373134328357,0.02638643648822046,5,0.0,0.0,5,-0.008812500000000011,0.010500111376907843,5,-0.011666666666666667,0.0034860834438919823
0.05,P1_minus_B3,unseen,standard,horizontal_new,5,5,-0.01666666666666667,0.0372677996249965,1,,,5,-0.02747252747252747,0.06143043894230191,5,0.0,0.0,5,0.037673611111111074,0.030311177503923925,5,0.0,0.0
0.05,P1_minus_B3,unseen,standard,low_new,5,5,-0.008333333333333333,0.018633899812498248,1,,,5,-0.014814814814814814,0.03312693299999688,5,0.0,0.0,5,0.011111111111111117,0.010441954259510786,5,-0.029166666666666667,0.01141088661469096
0.05,P1_minus_B3,unseen,standard,two_new,5,5,0.0,0.0,0,,,5,0.0,0.0,5,0.0,0.0,5,0.009548611111111115,0.010215800604114441,5,-0.020833333333333332,0.01473139127471974
0.05,P1_minus_B3,unseen,standard,vertical_new,5,5,0.0,0.0,1,,,5,0.0,0.0,5,0.0,0.0,5,-0.05468749999999998,0.03920690899526464,5,0.0,0.0
0.05,P1_minus_B3,unseen,standard,wide_new,5,5,-0.008333333333333333,0.018633899812498248,1,,,5,-0.013793103448275862,0.030842316931031583,5,0.0,0.0,5,-0.03385416666666665,0.024993368140430516,5,-0.008333333333333331,0.01141088661469096
0.1,P1_minus_B3,all,__all__,__all__,5,5,-2.7755575615628915e-18,0.004871949722361897,5,0.009502036272834224,0.026935289412036538,5,0.00011534078842940221,0.005985839012551914,5,0.0,0.0,5,-0.000958251953125,0.0027678656388712276,5,-0.002083333333333334,0.008811939747754495
0.1,P1_minus_B3,seen,__all__,__all__,5,5,-0.0013888888888888868,0.015835769793043585,5,-0.0009551879975574718,0.033398783330863505,5,-0.0019483576589471585,0.022212622791858174,5,0.0,0.0,5,-0.004909336419753063,0.0059566943904524345,5,-0.0020833333333333285,0.006307604904369776
0.1,P1_minus_B3,seen,__all__,central_furniture,5,5,0.004166666666666668,0.009316949906249128,5,0.06568627450980391,0.07074465240501354,5,0.010101510689745985,0.014862665823631755,5,0.0,0.0,5,-0.009027777777777768,0.009006207119198398,5,-0.014583333333333328,0.01397542485937368
0.1,P1_minus_B3,seen,__all__,clear,5,5,-0.008333333333333331,0.018633899812498245,5,-0.007012588943623432,0.03118403289481034,5,-0.008817056946634294,0.020703004567463924,5,0.0,0.0,5,0.0015625000000000222,0.002172307943792072,5,-2.7755575615628915e-18,0.012757759076995728
0.1,P1_minus_B3,seen,__all__,vertical_mid,5,5,-4.163336342344337e-18,0.02551551815399143,4,,,5,-0.002841747980103404,0.045481644536404804,5,0.0,0.0,5,0.006206597222222232,0.011732405880837089,5,0.008333333333333333,0.004658474953124562
0.1,P1_minus_B3,seen,harsh,__all__,5,5,0.019444444444444438,0.023240556292613204,5,-0.021341325613823525,0.02662230384895067,5,0.01359950130170956,0.02673893845124645,5,0.0,0.0,5,-0.0011381172839506127,0.0009311356779434963,5,0.019444444444444448,0.007607257743127316
0.1,P1_minus_B3,seen,harsh,central_furniture,5,5,0.025000000000000005,0.037267799624996496,5,-0.0533547008547009,0.059677750517143933,5,0.012344318723629056,0.038333401673704394,5,0.0,0.0,5,0.0,0.0,5,0.029166666666666667,0.011410886614690963
0.1,P1_minus_B3,seen,harsh,clear,5,5,0.016666666666666663,0.03726779962499649,5,-0.00235294117647058,0.03136182414721489,5,0.009629394995248664,0.03350127760943519,5,0.0,0.0,5,-0.0029513888888889283,0.00264721366006539,5,0.012499999999999994,0.018633899812498245
0.1,P1_minus_B3,seen,harsh,vertical_mid,5,5,0.01666666666666667,0.022821773229381927,4,,,5,0.0221677559912854,0.03309669553029985,5,0.0,0.0,5,-0.000694444444444442,0.001131805973125445,5,0.016666666666666666,0.009316949906249124
0.1,P1_minus_B3,seen,standard,__all__,5,5,-0.02222222222222222,0.03042903097250923,5,0.013412698412698409,0.10261155891603851,5,-0.03169188577493359,0.04698475123347934,5,0.0,0.0,5,-0.01994598765432103,0.019132190091445032,5,-0.02361111111111111,0.014400306495366473
0.1,P1_minus_B3,seen,standard,central_furniture,5,5,-0.016666666666666666,0.037267799624996496,3,,,5,-0.025,0.055901699437494755,5,0.0,0.0,5,-0.034375,0.029632370433492445,5,-0.058333333333333334,0.030900827029565266
0.1,P1_minus_B3,seen,standard,clear,5,5,-0.03333333333333334,0.04564354645876384,5,-0.02404761904761905,0.08131222543095934,5,-0.038824056504322156,0.05661262235543446,5,0.0,0.0,5,0.0043402777777777676,0.0042080554317850075,5,-0.0125,0.018633899812498248
0.1,P1_minus_B3,seen,standard,vertical_mid,5,5,-0.016666666666666666,0.037267799624996496,1,,,5,-0.03076923076923077,0.06880209161537815,5,0.0,0.0,5,-0.039930555555555525,0.041797573585081564,5,0.0,0.0
0.1,P1_minus_B3,unseen,__all__,__all__,5,5,0.0008333333333333332,0.007453559924999297,5,0.03952556948042585,0.08661919984524012,5,0.0016218721768524098,0.011238235004744948,5,0.0,0.0,5,0.0026267361111111053,0.0029032442163291765,5,-0.002083333333333334,0.010622957319984968
0.1,P1_minus_B3,unseen,__all__,horizontal_new,5,5,0.0,0.0,1,,,5,-0.0005120327700972871,0.0011449400806450558,5,0.0,0.0,5,0.031770833333333325,0.022814652696027102,5,0.0041666666666666675,0.005705443307345482
0.1,P1_minus_B3,unseen,__all__,low_new,5,5,0.0,0.02083333333333333,5,0.03549081035923143,0.0361931858446423,5,0.005644108110405904,0.023339657011829263,5,0.0,0.0,5,0.008940972222222232,0.007734345772484961,5,-0.0125,0.022582795196540415
0.1,P1_minus_B3,unseen,__all__,two_new,5,5,-0.004166666666666668,0.009316949906249128,5,0.07821678321678321,0.25501624399803463,5,-0.005792968150067276,0.013762363942666379,5,0.0,0.0,5,0.007074652777777768,0.0063448270196543866,5,-0.0041666666666666675,0.018922814713109325
0.1,P1_minus_B3,unseen,__all__,vertical_new,5,5,0.0,0.0,4,,,5,-0.0007259528130671489,0.0016232798384753424,5,0.0,0.0,5,4.340277777781232e-05,0.006823697982370737,5,0.002083333333333333,0.004658474953124561
0.1,P1_minus_B3,unseen,__all__,wide_new,5,5,0.00833333333333333,0.011410886614690956,5,0.10175213675213675,0.22640017739469204,5,0.012156029131616609,0.01835949029869613,5,0.0,0.0,5,-0.014062499999999955,0.011575611153722118,5,3.469446951953614e-18,0.016470196146710313
0.1,P1_minus_B3,unseen,harsh,__all__,5,5,0.011666666666666664,0.007453559924999297,5,-0.04730390477590925,0.019190441586438477,5,0.011117185139530689,0.010670019359065738,5,0.0,0.0,5,-0.0023888888888888627,0.0016016318958918916,5,0.016666666666666666,0.01062295731998497
0.1,P1_minus_B3,unseen,harsh,horizontal_new,5,5,0.0,0.0,1,,,5,-0.0009195402298850574,0.0020561544620687723,5,0.0,0.0,5,-0.018576388888888885,0.012223874375392225,5,0.008333333333333331,0.01141088661469096
0.1,P1_minus_B3,unseen,harsh,low_new,5,5,0.041666666666666664,0.029462782549439483,5,-0.017331557331557324,0.045587168961900536,5,0.03411785779907224,0.03126703231996901,5,0.0,0.0,5,0.0,0.0,5,0.029166666666666664,0.018633899812498248
0.1,P1_minus_B3,unseen,harsh,two_new,5,5,0.0,0.0,5,-0.07999999999999999,0.08366600265340753,5,-0.008833188447792916,0.008770270411557235,5,0.0,0.0,5,0.0,0.0,5,0.020833333333333336,0.020833333333333336
0.1,P1_minus_B3,unseen,harsh,vertical_new,5,5,0.0,0.0,4,,,5,-0.0018390804597701149,0.0041123089241375445,5,0.0,0.0,5,0.0,0.0,5,0.004166666666666667,0.009316949906249124
0.1,P1_minus_B3,unseen,harsh,wide_new,5,5,0.01666666666666666,0.022821773229381913,5,-0.04373949579831933,0.04814372548725435,5,0.013082478133856467,0.033961926153853995,5,0.0,0.0,5,0.0,0.0,5,0.020833333333333332,0.020833333333333332
0.1,P1_minus_B3,unseen,standard,__all__,5,5,-0.009999999999999998,0.013693063937629152,3,,,5,-0.01738051097918882,0.0242163870857522,5,0.0,0.0,5,-0.00810416666666668,0.016462409393293787,5,-0.020833333333333332,0.019094065395649337
0.1,P1_minus_B3,unseen,standard,horizontal_new,5,5,0.0,0.0,1,,,5,0.0,0.0,5,0.0,0.0,5,0.0421875,0.04744858684020753,5,0.0,0.0
0.1,P1_minus_B3,unseen,standard,low_new,5,5,-0.04166666666666667,0.05103103630798288,3,,,5,-0.06067342799188641,0.07208954585596138,5,0.0,0.0,5,0.008854166666666673,0.012793148213153145,5,-0.05416666666666666,0.054326686710022075
0.1,P1_minus_B3,unseen,standard,two_new,5,5,-0.008333333333333333,0.018633899812498248,2,,,5,-0.014285714285714285,0.031943828249996996,5,0.0,0.0,5,0.006076388888888884,0.01377995474512808,5,-0.029166666666666664,0.02795084971874737
0.1,P1_minus_B3,unseen,standard,vertical_new,5,5,0.0,0.0,1,,,5,0.0,0.0,5,0.0,0.0,5,-0.05277777777777777,0.04278818331462253,5,0.0,0.0
0.1,P1_minus_B3,unseen,standard,wide_new,5,5,0.0,0.0,2,,,5,0.0,0.0,5,0.0,0.0,5,-0.041145833333333326,0.02783603916141786,5,-0.020833333333333332,0.020833333333333332
0.15,P1_minus_B3,all,__all__,__all__,5,5,0.006770833333333323,0.010018429198787156,5,-0.007919558842732977,0.020451660437155808,5,0.0075223560260431425,0.012703707254368788,5,0.0,0.0,5,-0.0011881510416666518,0.0017040872126250456,5,0.00625,0.009890692195225493
0.15,P1_minus_B3,seen,__all__,__all__,5,5,-0.001388888888888884,0.01583576979304358,5,-0.024119273985270317,0.020821355451412678,5,-0.00507131961558967,0.0179136570813485,5,0.0,0.0,5,-0.004841820987654288,0.005067427911678382,5,0.010416666666666666,0.012276159395599784
0.15,P1_minus_B3,seen,__all__,central_furniture,5,5,-0.004166666666666666,0.02716334335501104,5,-0.008729516097937174,0.014483600124648074,5,-0.0019127453887685774,0.03016277847981047,5,0.0,0.0,5,-0.008940972222222187,0.006498469941556092,5,-4.163336342344337e-18,0.018042195912175804
0.15,P1_minus_B3,seen,__all__,clear,5,5,0.016666666666666673,0.017430417219459916,5,-0.005942913710608799,0.019618350120146344,5,0.00927978137280464,0.01630974891727572,5,0.0,0.0,5,0.0006076388888888839,0.0012504219002506848,5,0.01666666666666667,0.015797657175107397
0.15,P1_minus_B3,seen,__all__,vertical_mid,5,5,-0.016666666666666666,0.017430417219459905,5,-0.48,0.3812260921465546,5,-0.03258057940157195,0.03230660631261725,5,0.0,0.0,5,0.009071180555555535,0.009821407042249312,5,0.014583333333333334,0.011876827344782688
0.15,P1_minus_B3,seen,harsh,__all__,5,5,0.025000000000000005,0.02484519974999766,5,-0.03710741203950445,0.027595777180006477,5,0.010513304650944865,0.021913775960642496,5,0.0,0.0,5,-0.0010802469135802629,0.0009509072178909455,5,0.03888888888888888,0.028884214365396423
0.15,P1_minus_B3,seen,harsh,central_furniture,5,5,0.025000000000000005,0.037267799624996496,5,-0.07613016498465416,0.08974737672770058,5,0.0013147572580853196,0.03561754671008505,5,0.0,0.0,5,0.0,0.0,5,0.054166666666666675,0.04796193513842225
0.15,P1_minus_B3,seen,harsh,clear,5,5,0.03333333333333334,0.03486083443891981,5,-0.010528847370952643,0.029800547899351368,5,0.012657420231321381,0.027533351088847798,5,0.0,0.0,5,-0.0024305555555556024,0.002839483894756249,5,0.03333333333333334,0.0315953143502148
0.15,P1_minus_B3,seen,harsh,vertical_mid,5,5,0.016666666666666666,0.02282177322938192,4,,,5,0.0259946949602122,0.035705716011594356,5,0.0,0.0,5,-0.000694444444444442,0.001131805973125445,5,0.029166666666666667,0.023753654689565376
0.15,P1_minus_B3,seen,standard,__all__,5,5,-0.02777777777777778,0.019641855032959656,5,-0.009604023427552833,0.05319893166434302,5,-0.03743638081181142,0.02755198456102721,5,0.0,0.0,5,-0.020968364197530898,0.0170377496995868,5,-0.018055555555555557,0.015214515486254616
0.15,P1_minus_B3,seen,standard,central_furniture,5,5,-0.03333333333333333,0.03486083443891982,4,,,5,-0.04703838574806317,0.05068190767841032,5,0.0,0.0,5,-0.030555555555555558,0.02653894425758302,5,-0.05416666666666666,0.04564354645876384
0.15,P1_minus_B3,seen,standard,clear,5,5,0.0,0.0,5,0.0,0.0,5,0.0,0.0,5,0.0,0.0,5,0.0038194444444444643,0.003165726133474043,5,0.0,0.0
0.15,P1_minus_B3,seen,standard,vertical_mid,5,5,-0.05,0.03486083443891981,1,,,5,-0.09353846153846154,0.06401183322557955,5,0.0,0.0,5,-0.04600694444444442,0.03152010009612031,5,0.0,0.0
0.15,P1_minus_B3,unseen,__all__,__all__,5,5,0.011666666666666667,0.007453559924999297,5,0.00787707016794843,0.03160989260643425,5,0.016112774910310664,0.011304549998271568,5,0.0,0.0,5,0.0020086805555555864,0.0020904789205086764,5,0.0037500000000000007,0.009009061796016524
0.15,P1_minus_B3,unseen,__all__,horizontal_new,5,5,0.0,0.0,3,,,5,0.0,0.0,5,0.0,0.0,5,0.03190104166666667,0.016971540621542668,5,0.0020833333333333333,0.004658474953124562
0.15,P1_minus_B3,unseen,__all__,low_new,5,5,0.020833333333333343,0.020833333333333343,5,0.00672099982397466,0.05559187516249583,5,0.020864409707095754,0.02982035704315363,5,0.0,0.0,5,0.009071180555555558,0.006180896916290939,5,0.010416666666666666,0.025515518153991435
0.15,P1_minus_B3,unseen,__all__,two_new,5,5,0.008333333333333337,0.01863389981249824,5,-0.0015198982304245544,0.07062269737241221,5,0.012630557852527402,0.02279259397969057,5,0.0,0.0,5,0.006684027777777768,0.0061445979464968496,5,-2.7755575615628915e-18,0.019487798889447613
0.15,P1_minus_B3,unseen,__all__,vertical_new,5,5,0.008333333333333328,0.011410886614690956,4,,,5,0.012269696611038789,0.017853595356966307,5,0.0,0.0,5,0.002473958333333326,0.005159730546435988,5,0.0020833333333333333,0.004658474953124562
0.15,P1_minus_B3,unseen,__all__,wide_new,5,5,0.02083333333333334,0.014731391274719742,5,0.019385176227281496,0.012433550950648133,5,0.027867751650132534,0.02097651902631369,5,0.0,0.0,5,-0.012717013888888906,0.008842616973482337,5,0.004166666666666664,0.009316949906249133
0.15,P1_minus_B3,unseen,harsh,__all__,5,5,0.03499999999999999,0.012360330811826102,5,-0.05458232784310278,0.072663850539858,5,0.03053407700294422,0.015289923026510584,5,0.0,0.0,5,-0.0021388888888888903,0.0015225605362085685,5,0.0375,0.030190368221228
0.15,P1_minus_B3,unseen,harsh,horizontal_new,5,5,0.0,0.0,3,,,5,0.0,0.0,5,0.0,0.0,5,-0.01597222222222221,0.011493134231016382,5,0.004166666666666667,0.009316949906249124
0.15,P1_minus_B3,unseen,harsh,low_new,5,5,0.05833333333333333,0.037267799624996496,5,-0.022010854642433596,0.07712310710283031,5,0.033027510236812566,0.05196818561197505,5,0.0,0.0,5,0.0,0.0,5,0.05833333333333333,0.06972166887783963
0.15,P1_minus_B3,unseen,harsh,two_new,5,5,0.04166666666666667,0.029462782549439483,5,-0.12393483709273183,0.21250321224862653,5,0.019060944655299915,0.019955992233641237,5,0.0,0.0,5,0.0,0.0,5,0.05833333333333333,0.04750730937913075
0.15,P1_minus_B3,unseen,harsh,vertical_new,5,5,0.016666666666666656,0.022821773229381913,4,,,5,0.022622622622622622,0.03336202836832258,5,0.0,0.0,5,0.0,0.0,5,0.004166666666666667,0.009316949906249124
0.15,P1_minus_B3,unseen,harsh,wide_new,5,5,0.05833333333333335,0.02282177322938192,5,-0.10858130173919647,0.16570880054596454,5,0.037882205953341394,0.021152893129050436,5,0.0,0.0,5,0.0,0.0,5,0.062499999999999986,0.03294039229342062
0.15,P1_minus_B3,unseen,standard,__all__,5,5,-0.011666666666666667,0.01263812574008592,5,0.1374092574092574,0.21599200375980757,5,-0.016966241722424752,0.018655997188751695,5,0.0,0.0,5,-0.010027777777777813,0.010744252922931116,5,-0.03,0.024008100484813222
0.15,P1_minus_B3,unseen,standard,horizontal_new,5,5,0.0,0.0,1,,,5,0.0,0.0,5,0.0,0.0,5,0.037847222222222185,0.03458959043685696,5,0.0,0.0
0.15,P1_minus_B3,unseen,standard,low_new,5,5,-0.016666666666666663,0.02282177322938192,5,0.04727272727272726,0.23314238546610616,5,-0.016580915891260716,0.03579019936056392,5,0.0,0.0,5,0.009548611111111115,0.010434735486259826,5,-0.037500000000000006,0.030900827029565266
0.15,P1_minus_B3,unseen,standard,two_new,5,5,-0.025,0.037267799624996496,3,,,5,-0.035129521016617794,0.053584475360694266,5,0.0,0.0,5,0.009548611111111115,0.010398566450269915,5,-0.058333333333333334,0.05392574627310327
0.15,P1_minus_B3,unseen,standard,vertical_new,5,5,0.0,0.0,1,,,5,0.0,0.0,5,0.0,0.0,5,-0.06197916666666666,0.038290992241068356,5,0.0,0.0
0.15,P1_minus_B3,unseen,standard,wide_new,5,5,-0.016666666666666666,0.02282177322938192,2,,,5,-0.027126436781609198,0.03715329443832078,5,0.0,0.0,5,-0.034722222222222224,0.025618671116968243,5,-0.054166666666666675,0.03784562942621865
0.2,P1_minus_B3,all,__all__,__all__,5,5,-0.0031250000000000054,0.021268246863641066,5,-0.008282971035866194,0.02270181140468824,5,-0.0037809066767323816,0.02539879964128217,5,0.0,0.0,5,-0.00235663519965279,0.00265988592795516,5,0.0018229166666666684,0.008617391722799114
0.2,P1_minus_B3,seen,__all__,__all__,5,5,-0.011111111111111117,0.02000675040401102,5,-0.020064556986101857,0.02312880090152729,5,-0.013863366807874467,0.022406006991055605,5,0.0,0.0,5,-0.006095679012345668,0.006370839803614476,5,0.004861111111111099,0.009054447785003682
0.2,P1_minus_B3,seen,__all__,central_furniture,5,5,-0.012500000000000006,0.04061164310337068,5,-0.014666219213886545,0.027719470222677036,5,-0.01068420541527968,0.03588680155407238,5,0.0,0.0,5,-0.010807291666666673,0.004373785587073285,5,-0.0020833333333333316,0.03784562942621865
0.2,P1_minus_B3,seen,__all__,clear,5,5,0.004166666666666674,0.022821773229381927,5,-0.011235161150605733,0.011281992098705174,5,-0.0016404233835029091,0.016524481088491975,5,0.0,0.0,5,-0.0003472222222222099,0.0016064891947327486,5,0.010416666666666663,0.010416666666666664
0.2,P1_minus_B3,seen,__all__,vertical_mid,5,5,-0.024999999999999998,0.027163343355011037,5,-0.3029591836734694,0.4233225095661377,5,-0.02968699455402988,0.03068039823446164,5,0.0,0.0,5,0.00538194444444442,0.006620524339681179,5,0.006249999999999997,0.02909216675785197
0.2,P1_minus_B3,seen,harsh,__all__,5,5,0.005555555555555558,0.04668815642769891,5,-0.011016682844191428,0.019189607560441364,5,0.001157442536385278,0.03124002128522856,5,0.0,0.0,5,-0.0012731481481481842,0.0007100757067633499,5,0.018055555555555564,0.023344078213849453
0.2,P1_minus_B3,seen,harsh,central_furniture,5,5,0.016666666666666663,0.0631906287004296,5,-0.02405443831530788,0.038715716272837396,5,-0.000650434405979583,0.047811990751962574,5,0.0,0.0,5,0.0,0.0,5,0.029166666666666664,0.043200919486099415
0.2,P1_minus_B3,seen,harsh,clear,5,5,0.0,0.0,5,-0.009487179487179486,0.014264801072513971,5,-0.00496598639455782,0.007434910454760923,5,0.0,0.0,5,-0.003298611111111116,0.002408756410679109,5,0.012499999999999989,0.01863389981249823
0.2,P1_minus_B3,seen,harsh,vertical_mid,5,5,2.7755575615628915e-18,0.07795119555779045,4,,,5,0.02530835610199155,0.06824386619131441,5,0.0,0.0,5,-0.0008680555555555358,0.001063146589749628,5,0.012500000000000006,0.047961935138422236
0.2,P1_minus_B3,seen,standard,__all__,5,5,-0.02777777777777779,0.05103103630798287,5,-0.04733559949607905,0.048319825081711676,5,-0.04075942766353011,0.05632948593616369,5,0.0,0.0,5,-0.020119598765432133,0.017130726611660322,5,-0.008333333333333335,0.017975248757701092
0.2,P1_minus_B3,seen,standard,central_furniture,5,5,-0.041666666666666664,0.08838834764831845,5,-0.035425685425685416,0.10083646950630384,5,-0.05742742323387484,0.11084430084617461,5,0.0,0.0,5,-0.03246527777777779,0.024146927802504888,5,-0.03333333333333334,0.04796193513842225
0.2,P1_minus_B3,seen,standard,clear,5,5,0.008333333333333331,0.04564354645876383,5,-0.010601163542339998,0.019053273098322453,5,0.0030253616903167637,0.037762986401524076,5,0.0,0.0,5,0.004166666666666696,0.0027035436636106557,5,0.008333333333333331,0.018633899812498245
0.2,P1_minus_B3,seen,standard,vertical_mid,5,5,-0.05,0.03486083443891981,4,,,5,-0.0867092907092907,0.06249725083050371,5,0.0,0.0,5,-0.04305555555555555,0.03290377150133925,5,-2.0816681711721684e-18,0.014731391274719743
0.2,P1_minus_B3,unseen,__all__,__all__,5,5,0.0016666666666666692,0.02255394767120726,5,0.003449530189193295,0.026601915293939203,5,0.0033900906764474047,0.02898234994685993,5,0.0,0.0,5,0.0010590277777777768,0.0012064410870202711,5,2.7755575615628915e-18,0.009547032697824661
0.2,P1_minus_B3,unseen,__all__,horizontal_new,5,5,-0.008333333333333337,0.018633899812498255,4,,,5,-0.00589903573454339,0.013190644904139424,5,0.0,0.0,5,0.032682291666666696,0.016587443501428975,5,-0.004166666666666668,0.009316949906249128
0.2,P1_minus_B3,unseen,__all__,low_new,5,5,0.012499999999999994,0.037845629426218656,5,0.0032766255805744106,0.035536469973367256,5,0.011535476427355734,0.03798074735213828,5,0.0,0.0,5,0.00629340277777779,0.005837229885552453,5,0.004166666666666668,0.02030582155168534
0.2,P1_minus_B3,unseen,__all__,two_new,5,5,0.016666666666666666,0.03423265984407289,5,0.01384089327910839,0.042881934830649525,5,0.019671786623157845,0.040788587759956904,5,0.0,0.0,5,0.0072482638888889065,0.005037340674463249,5,0.004166666666666666,0.013975424859373687
0.2,P1_minus_B3,unseen,__all__,vertical_new,5,5,-0.012500000000000002,0.018633899812498255,4,,,5,-0.011103799065108206,0.016208927649122518,5,0.0,0.0,5,0.0024305555555555803,0.004748093289896925,5,-4.163336342344337e-18,0.02442924874908037
0.2,P1_minus_B3,unseen,__all__,wide_new,5,5,-5.551115123125783e-18,0.05103103630798288,5,0.0032793480881936456,0.06028707348033149,5,0.0032722846244889804,0.055495474008605584,5,0.0,0.0,5,-0.01436631944444442,0.0057894327361782735,5,-0.004166666666666666,0.02614562582918985
0.2,P1_minus_B3,unseen,harsh,__all__,5,5,0.01499999999999999,0.0360362471840661,5,-0.020432756304233312,0.023458357703648788,5,0.009539375320544686,0.03114528985296415,5,0.0,0.0,5,-0.0022291666666666376,0.0013859343574678348,5,0.025000000000000005,0.02375365468956538
0.2,P1_minus_B3,unseen,harsh,horizontal_new,5,5,-0.025,0.055901699437494755,4,,,5,-0.02432432432432432,0.05439084269594082,5,0.0,0.0,5,-0.01684027777777779,0.01049952577375593,5,0.0,0.0
0.2,P1_minus_B3,unseen,harsh,low_new,5,5,0.024999999999999988,0.03726779962499648,5,-0.006984628897672341,0.03216740230461595,5,0.00898980057653801,0.025936433593667728,5,0.0,0.0,5,0.0,0.0,5,0.029166666666666674,0.031595314350214794
0.2,P1_minus_B3,unseen,harsh,two_new,5,5,0.049999999999999996,0.054326686710022075,5,-0.018706766917293227,0.02564198603447894,5,0.026981768174248556,0.04569659389214305,5,0.0,0.0,5,0.0,0.0,5,0.05,0.03784562942621865
0.2,P1_minus_B3,unseen,harsh,vertical_new,5,5,-0.008333333333333337,0.018633899812498255,4,,,5,-0.0004077945541360095,0.0030716026155243456,5,0.0,0.0,5,0.0,0.0,5,-0.0041666666666666675,0.03423265984407289
0.2,P1_minus_B3,unseen,harsh,wide_new,5,5,0.03333333333333334,0.054326686710022075,5,-0.0400776397515528,0.0648761509470149,5,0.01045335904534902,0.04892221251663465,5,0.0,0.0,5,0.0,0.0,5,0.05,0.031595314350214794
0.2,P1_minus_B3,unseen,standard,__all__,5,5,-0.011666666666666662,0.030390970881350784,5,0.0647743061536165,0.12756510043605424,5,-0.02039896252682911,0.041121273384520825,5,0.0,0.0,5,-0.00820833333333335,0.011220775011538538,5,-0.024999999999999998,0.031595314350214794
0.2,P1_minus_B3,unseen,standard,horizontal_new,5,5,0.008333333333333326,0.018633899812498227,2,,,5,0.010241545893719806,0.02290079281304132,5,0.0,0.0,5,0.04756944444444444,0.03410585748597147,5,-0.008333333333333337,0.018633899812498255
0.2,P1_minus_B3,unseen,standard,low_new,5,5,-1.3877787807814458e-18,0.05892556509887895,5,0.09829836829836829,0.1905608767341454,5,5.659936694418777e-05,0.06203039559049923,5,0.0,0.0,5,0.009722222222222233,0.010709146189785508,5,-0.020833333333333336,0.05311478659992484
0.2,P1_minus_B3,unseen,standard,two_new,5,5,-0.016666666666666666,0.02282177322938192,5,0.003650793650793649,0.17366414156064566,5,-0.02557488891427186,0.03025362902881167,5,0.0,0.0,5,0.010763888888888884,0.008407152786668929,5,-0.04166666666666667,0.06073908223797188
0.2,P1_minus_B3,unseen,standard,vertical_new,5,5,-0.01666666666666667,0.022821773229381927,3,,,5,-0.021138211382113824,0.03358063628677891,5,0.0,0.0,5,-0.05555555555555556,0.04272473854973855,5,0.00416666666666667,0.0174304172194599
0.2,P1_minus_B3,unseen,standard,wide_new,5,5,-0.03333333333333334,0.06846531968814576,4,,,5,-0.05466011466011467,0.09178159636458955,5,0.0,0.0,5,-0.035243055555555555,0.025886400560703633,5,-0.058333333333333334,0.06814761347415053
